-- phpMyAdmin SQL Dump
-- version 3.4.10.1
-- http://www.phpmyadmin.net
--
-- Host: localhost:3306
-- Erstellungszeit: 28. Okt 2012 um 12:49
-- Server Version: 5.1.63
-- PHP-Version: 5.3.3-7+squeeze13

SET SQL_MODE="NO_AUTO_VALUE_ON_ZERO";
SET time_zone = "+00:00";


/*!40101 SET @OLD_CHARACTER_SET_CLIENT=@@CHARACTER_SET_CLIENT */;
/*!40101 SET @OLD_CHARACTER_SET_RESULTS=@@CHARACTER_SET_RESULTS */;
/*!40101 SET @OLD_COLLATION_CONNECTION=@@COLLATION_CONNECTION */;
/*!40101 SET NAMES utf8 */;

--
-- Datenbank: `102_hagedorn`
--
CREATE DATABASE `102_hagedorn` DEFAULT CHARACTER SET latin1 COLLATE latin1_swedish_ci;
USE `102_hagedorn`;

-- --------------------------------------------------------

--
-- Tabellenstruktur für Tabelle `AUFSTELLUNG`
--

CREATE TABLE IF NOT EXISTS `AUFSTELLUNG` (
  `NUM` int(11) NOT NULL,
  `SPIELTAG` int(11) NOT NULL,
  `MITSPIELER_NAME` varchar(255) NOT NULL DEFAULT '',
  `SPIELER_NAME` varchar(255) DEFAULT NULL,
  PRIMARY KEY (`NUM`,`SPIELTAG`,`MITSPIELER_NAME`),
  KEY `FK_AUFSTELLUNG_SPIELER_NAME` (`SPIELER_NAME`),
  KEY `FK_AUFSTELLUNG_MITSPIELER_NAME` (`MITSPIELER_NAME`)
) ENGINE=InnoDB DEFAULT CHARSET=utf8;

--
-- Daten für Tabelle `AUFSTELLUNG`
--

INSERT INTO `AUFSTELLUNG` (`NUM`, `SPIELTAG`, `MITSPIELER_NAME`, `SPIELER_NAME`) VALUES
(0, 5, 'Pierre', 'Arango, Juan'),
(3, 9, 'Pierre', 'Arango, Juan'),
(4, 3, 'Pierre', 'Arango, Juan'),
(1, 1, 'Rémi', 'Badstuber, Holger'),
(1, 2, 'Rémi', 'Badstuber, Holger'),
(1, 4, 'Rémi', 'Badstuber, Holger'),
(8, 8, 'Rémi', 'Badstuber, Holger'),
(9, 3, 'Rémi', 'Badstuber, Holger'),
(9, 5, 'Rémi', 'Badstuber, Holger'),
(9, 6, 'Rémi', 'Badstuber, Holger'),
(9, 7, 'Rémi', 'Badstuber, Holger'),
(0, 7, 'Philippe', 'Baumann, Oliver'),
(3, 4, 'Philippe', 'Baumann, Oliver'),
(3, 6, 'Philippe', 'Baumann, Oliver'),
(6, 5, 'Philippe', 'Baumann, Oliver'),
(1, 6, 'Philippe', 'Bender, Lars'),
(6, 7, 'Philippe', 'Bender, Lars'),
(7, 1, 'Philippe', 'Bender, Lars'),
(0, 3, 'Roland', 'Berg, Markus'),
(2, 4, 'Roland', 'Berg, Markus'),
(3, 1, 'Pierre', 'Blaczikowski, Jakub'),
(3, 3, 'Pierre', 'Blaczikowski, Jakub'),
(5, 2, 'Pierre', 'Blaczikowski, Jakub'),
(5, 4, 'Pierre', 'Blaczikowski, Jakub'),
(7, 5, 'Pierre', 'Blaczikowski, Jakub'),
(10, 7, 'Pierre', 'Blaczikowski, Jakub'),
(10, 8, 'Pierre', 'Blaczikowski, Jakub'),
(1, 8, 'Philippe', 'Boateng, Jérôme'),
(8, 7, 'Philippe', 'Boateng, Jérôme'),
(10, 5, 'Philippe', 'Boateng, Jérôme'),
(7, 8, 'Roland', 'Compper, Marvin'),
(1, 2, 'Pierre', 'Daems, Filip'),
(8, 5, 'Pierre', 'Daems, Filip'),
(9, 1, 'Pierre', 'Daems, Filip'),
(9, 3, 'Pierre', 'Daems, Filip'),
(0, 6, 'Philippe', 'Dante'),
(1, 3, 'Philippe', 'Dante'),
(2, 5, 'Philippe', 'Dante'),
(3, 8, 'Philippe', 'Dante'),
(7, 4, 'Philippe', 'Dante'),
(9, 2, 'Philippe', 'Dante'),
(9, 7, 'Philippe', 'Dante'),
(10, 1, 'Philippe', 'Dante'),
(0, 8, 'Philippe', 'de Jong, Luuk'),
(1, 1, 'Philippe', 'de Jong, Luuk'),
(2, 4, 'Philippe', 'de Jong, Luuk'),
(3, 5, 'Philippe', 'de Jong, Luuk'),
(5, 2, 'Philippe', 'de Jong, Luuk'),
(7, 9, 'Pierre', 'Delpierre, Mathieu'),
(0, 1, 'Philippe', 'Diagné, Fallou'),
(0, 3, 'Philippe', 'Diagné, Fallou'),
(2, 8, 'Philippe', 'Diagné, Fallou'),
(6, 4, 'Philippe', 'Diagné, Fallou'),
(0, 1, 'Pierre', 'Diego'),
(2, 2, 'Pierre', 'Diego'),
(5, 8, 'Pierre', 'Diego'),
(6, 7, 'Pierre', 'Diego'),
(8, 4, 'Pierre', 'Diego'),
(10, 6, 'Pierre', 'Diego'),
(8, 1, 'Philippe', 'Domingues, Alvaro'),
(1, 4, 'Pierre', 'Draxler, Julian'),
(5, 3, 'Pierre', 'Draxler, Julian'),
(8, 6, 'Pierre', 'Draxler, Julian'),
(2, 9, 'Pierre', 'Elia, Eljero'),
(8, 3, 'Pierre', 'Elia, Eljero'),
(0, 5, 'Rémi', 'Farfan, Jefferson'),
(0, 6, 'Rémi', 'Farfan, Jefferson'),
(4, 3, 'Rémi', 'Farfan, Jefferson'),
(5, 1, 'Rémi', 'Farfan, Jefferson'),
(5, 2, 'Rémi', 'Farfan, Jefferson'),
(6, 4, 'Rémi', 'Farfan, Jefferson'),
(8, 7, 'Rémi', 'Farfan, Jefferson'),
(2, 5, 'Roland', 'Felipe'),
(9, 1, 'Philippe', 'Fernandes, Junior'),
(4, 1, 'Roland', 'Friedrich, Manuel'),
(6, 2, 'Roland', 'Friedrich, Manuel'),
(6, 3, 'Roland', 'Friedrich, Manuel'),
(10, 4, 'Roland', 'Friedrich, Manuel'),
(0, 6, 'Pierre', 'Fuchs, Christian'),
(0, 8, 'Pierre', 'Fuchs, Christian'),
(2, 3, 'Pierre', 'Fuchs, Christian'),
(5, 5, 'Pierre', 'Fuchs, Christian'),
(5, 7, 'Pierre', 'Fuchs, Christian'),
(9, 9, 'Pierre', 'Fuchs, Christian'),
(4, 4, 'Rémi', 'Gebre Selassie, Haile'),
(6, 1, 'Pierre', 'Gomez, Mario'),
(6, 2, 'Pierre', 'Gomez, Mario'),
(0, 4, 'Pierre', 'Götze, Mario '),
(0, 7, 'Pierre', 'Götze, Mario '),
(5, 6, 'Pierre', 'Götze, Mario '),
(8, 9, 'Pierre', 'Götze, Mario '),
(9, 8, 'Pierre', 'Götze, Mario '),
(3, 2, 'Roland', 'Gündogan, Ilkay'),
(3, 3, 'Roland', 'Gündogan, Ilkay'),
(4, 8, 'Roland', 'Gündogan, Ilkay'),
(5, 7, 'Roland', 'Gündogan, Ilkay'),
(7, 4, 'Roland', 'Gündogan, Ilkay'),
(8, 1, 'Roland', 'Gündogan, Ilkay'),
(8, 5, 'Roland', 'Gündogan, Ilkay'),
(3, 5, 'Pierre', 'Hajnal, Tamasz'),
(0, 4, 'Philippe', 'Hermann, Patrick'),
(2, 1, 'Philippe', 'Hermann, Patrick'),
(7, 5, 'Philippe', 'Hermann, Patrick'),
(10, 3, 'Philippe', 'Hermann, Patrick'),
(1, 2, 'Roland', 'Holtby, Lewis'),
(1, 6, 'Roland', 'Holtby, Lewis'),
(5, 8, 'Roland', 'Holtby, Lewis'),
(7, 5, 'Roland', 'Holtby, Lewis'),
(7, 7, 'Roland', 'Holtby, Lewis'),
(8, 4, 'Roland', 'Holtby, Lewis'),
(9, 3, 'Roland', 'Holtby, Lewis'),
(10, 1, 'Roland', 'Holtby, Lewis'),
(1, 3, 'Roland', 'Höwedes, Benedikt'),
(3, 5, 'Roland', 'Höwedes, Benedikt'),
(4, 4, 'Roland', 'Höwedes, Benedikt'),
(6, 1, 'Roland', 'Höwedes, Benedikt'),
(7, 2, 'Roland', 'Höwedes, Benedikt'),
(8, 8, 'Roland', 'Höwedes, Benedikt'),
(9, 7, 'Roland', 'Höwedes, Benedikt'),
(10, 6, 'Roland', 'Höwedes, Benedikt'),
(2, 3, 'Rémi', 'Hummels, Mats'),
(7, 1, 'Rémi', 'Hummels, Mats'),
(7, 8, 'Rémi', 'Hummels, Mats'),
(8, 2, 'Rémi', 'Hummels, Mats'),
(8, 6, 'Rémi', 'Hummels, Mats'),
(10, 4, 'Rémi', 'Hummels, Mats'),
(10, 5, 'Rémi', 'Hummels, Mats'),
(10, 7, 'Rémi', 'Hummels, Mats'),
(5, 6, 'Philippe', 'Hunt, Aaron'),
(5, 7, 'Philippe', 'Hunt, Aaron'),
(9, 3, 'Philippe', 'Hunt, Aaron'),
(9, 8, 'Philippe', 'Hunt, Aaron'),
(10, 2, 'Philippe', 'Hunt, Aaron'),
(10, 4, 'Philippe', 'Hunt, Aaron'),
(2, 7, 'Pierre', 'Huntelaar, Klas-Jan'),
(3, 8, 'Pierre', 'Huntelaar, Klas-Jan'),
(4, 4, 'Pierre', 'Huntelaar, Klas-Jan'),
(5, 1, 'Pierre', 'Huntelaar, Klas-Jan'),
(5, 9, 'Pierre', 'Huntelaar, Klas-Jan'),
(7, 2, 'Pierre', 'Huntelaar, Klas-Jan'),
(9, 6, 'Pierre', 'Huntelaar, Klas-Jan'),
(10, 3, 'Pierre', 'Huntelaar, Klas-Jan'),
(10, 5, 'Pierre', 'Huntelaar, Klas-Jan'),
(0, 7, 'Rémi', 'Huszti, Szabolcs'),
(3, 5, 'Rémi', 'Huszti, Szabolcs'),
(4, 6, 'Rémi', 'Huszti, Szabolcs'),
(10, 8, 'Rémi', 'Huszti, Szabolcs'),
(0, 8, 'Roland', 'Ibisevic, Sedad'),
(3, 7, 'Roland', 'Ibisevic, Sedad'),
(5, 1, 'Roland', 'Ibisevic, Sedad'),
(8, 6, 'Roland', 'Ibisevic, Sedad'),
(10, 2, 'Roland', 'Ibisevic, Sedad'),
(1, 7, 'Rémi', 'Kadlec, Michal'),
(2, 1, 'Rémi', 'Kadlec, Michal'),
(3, 6, 'Rémi', 'Kadlec, Michal'),
(3, 8, 'Rémi', 'Kadlec, Michal'),
(4, 2, 'Rémi', 'Kadlec, Michal'),
(5, 5, 'Rémi', 'Kadlec, Michal'),
(6, 3, 'Rémi', 'Kadlec, Michal'),
(7, 4, 'Rémi', 'Kadlec, Michal'),
(1, 7, 'Philippe', 'Kehl, Sebastian'),
(3, 1, 'Philippe', 'Kehl, Sebastian'),
(4, 6, 'Philippe', 'Kehl, Sebastian'),
(4, 8, 'Philippe', 'Kehl, Sebastian'),
(8, 2, 'Philippe', 'Kehl, Sebastian'),
(8, 3, 'Philippe', 'Kehl, Sebastian'),
(8, 4, 'Philippe', 'Kehl, Sebastian'),
(9, 5, 'Philippe', 'Kehl, Sebastian'),
(1, 6, 'Rémi', 'Kießling, Steine'),
(4, 8, 'Rémi', 'Kießling, Steine'),
(5, 3, 'Rémi', 'Kießling, Steine'),
(6, 1, 'Rémi', 'Kießling, Steine'),
(7, 5, 'Rémi', 'Kießling, Steine'),
(7, 7, 'Rémi', 'Kießling, Steine'),
(9, 4, 'Rémi', 'Kießling, Steine'),
(10, 2, 'Rémi', 'Kießling, Steine'),
(2, 6, 'Philippe', 'Kiyotake, Hiroshi'),
(3, 2, 'Philippe', 'Kiyotake, Hiroshi'),
(4, 5, 'Philippe', 'Kiyotake, Hiroshi'),
(5, 3, 'Philippe', 'Kiyotake, Hiroshi'),
(5, 4, 'Philippe', 'Kiyotake, Hiroshi'),
(6, 8, 'Philippe', 'Kiyotake, Hiroshi'),
(10, 7, 'Philippe', 'Kiyotake, Hiroshi'),
(0, 2, 'Rémi', 'Kroos, Tony'),
(2, 4, 'Rémi', 'Kroos, Tony'),
(2, 6, 'Rémi', 'Kroos, Tony'),
(4, 7, 'Rémi', 'Kroos, Tony'),
(5, 8, 'Rémi', 'Kroos, Tony'),
(8, 3, 'Rémi', 'Kroos, Tony'),
(10, 1, 'Rémi', 'Kroos, Tony'),
(0, 2, 'Roland', 'Lahm, Philip'),
(0, 4, 'Roland', 'Lahm, Philip'),
(0, 7, 'Roland', 'Lahm, Philip'),
(2, 1, 'Roland', 'Lahm, Philip'),
(6, 8, 'Roland', 'Lahm, Philip'),
(7, 6, 'Roland', 'Lahm, Philip'),
(8, 3, 'Roland', 'Lahm, Philip'),
(9, 5, 'Roland', 'Lahm, Philip'),
(0, 5, 'Roland', 'Leno, Bernd'),
(1, 1, 'Roland', 'Leno, Bernd'),
(1, 4, 'Roland', 'Leno, Bernd'),
(2, 2, 'Roland', 'Leno, Bernd'),
(4, 7, 'Roland', 'Leno, Bernd'),
(5, 6, 'Roland', 'Leno, Bernd'),
(7, 3, 'Roland', 'Leno, Bernd'),
(9, 8, 'Roland', 'Leno, Bernd'),
(0, 1, 'Roland', 'Lewandoski, Robert'),
(2, 3, 'Roland', 'Lewandoski, Robert'),
(3, 8, 'Roland', 'Lewandoski, Robert'),
(4, 6, 'Roland', 'Lewandoski, Robert'),
(6, 5, 'Roland', 'Lewandoski, Robert'),
(8, 2, 'Roland', 'Lewandoski, Robert'),
(9, 4, 'Roland', 'Lewandoski, Robert'),
(10, 7, 'Roland', 'Lewandoski, Robert'),
(2, 8, 'Rémi', 'Mandzukic, Mario'),
(5, 4, 'Rémi', 'Mandzukic, Mario'),
(7, 2, 'Rémi', 'Mandzukic, Mario'),
(7, 3, 'Rémi', 'Mandzukic, Mario'),
(8, 5, 'Rémi', 'Mandzukic, Mario'),
(9, 1, 'Rémi', 'Mandzukic, Mario'),
(5, 7, 'Rémi', 'Mayer, Alexander'),
(6, 6, 'Rémi', 'Mayer, Alexander'),
(6, 8, 'Rémi', 'Mayer, Alexander'),
(2, 7, 'Roland', 'Müller, Thomas'),
(2, 8, 'Roland', 'Müller, Thomas'),
(4, 5, 'Roland', 'Müller, Thomas'),
(5, 2, 'Roland', 'Müller, Thomas'),
(6, 4, 'Roland', 'Müller, Thomas'),
(7, 1, 'Roland', 'Müller, Thomas'),
(10, 3, 'Roland', 'Müller, Thomas'),
(4, 1, 'Philippe', 'Naldo'),
(10, 6, 'Philippe', 'Naldo'),
(0, 1, 'Rémi', 'Neuer, Manuel'),
(1, 5, 'Rémi', 'Neuer, Manuel'),
(1, 8, 'Rémi', 'Neuer, Manuel'),
(3, 3, 'Rémi', 'Neuer, Manuel'),
(6, 7, 'Rémi', 'Neuer, Manuel'),
(7, 6, 'Rémi', 'Neuer, Manuel'),
(8, 4, 'Rémi', 'Neuer, Manuel'),
(9, 2, 'Rémi', 'Neuer, Manuel'),
(0, 5, 'Philippe', 'Neustädter, Roman'),
(1, 2, 'Philippe', 'Neustädter, Roman'),
(6, 3, 'Philippe', 'Neustädter, Roman'),
(6, 6, 'Philippe', 'Neustädter, Roman'),
(7, 8, 'Philippe', 'Neustädter, Roman'),
(8, 5, 'Philippe', 'Olic, Ivica'),
(3, 7, 'Rémi', 'Papadopoulos'),
(4, 5, 'Rémi', 'Papadopoulos'),
(5, 6, 'Rémi', 'Papadopoulos'),
(9, 8, 'Rémi', 'Papadopoulos'),
(2, 7, 'Philippe', 'Petersen, Nils'),
(3, 3, 'Philippe', 'Petersen, Nils'),
(4, 4, 'Philippe', 'Petersen, Nils'),
(6, 2, 'Philippe', 'Petersen, Nils'),
(10, 8, 'Philippe', 'Petersen, Nils'),
(1, 4, 'Philippe', 'Piczek'),
(3, 7, 'Philippe', 'Piczek'),
(5, 5, 'Philippe', 'Piczek'),
(5, 8, 'Philippe', 'Piczek'),
(7, 2, 'Philippe', 'Piczek'),
(7, 3, 'Philippe', 'Piczek'),
(8, 6, 'Philippe', 'Piczek'),
(1, 5, 'Roland', 'Pinto, Sergio'),
(6, 6, 'Roland', 'Pinto, Sergio'),
(9, 6, 'Philippe', 'Pizarro, Claudio'),
(1, 6, 'Pierre', 'Pogatez, Emmanuel'),
(4, 1, 'Pierre', 'Pogatez, Emmanuel'),
(4, 9, 'Pierre', 'Pogatez, Emmanuel'),
(6, 3, 'Pierre', 'Pogatez, Emmanuel'),
(10, 2, 'Pierre', 'Pogatez, Emmanuel'),
(10, 4, 'Pierre', 'Pogatez, Emmanuel'),
(0, 4, 'Rémi', 'Reus, Marco'),
(0, 8, 'Rémi', 'Reus, Marco'),
(1, 3, 'Rémi', 'Reus, Marco'),
(2, 7, 'Rémi', 'Reus, Marco'),
(4, 1, 'Rémi', 'Reus, Marco'),
(6, 2, 'Rémi', 'Reus, Marco'),
(6, 5, 'Rémi', 'Reus, Marco'),
(10, 6, 'Rémi', 'Reus, Marco'),
(1, 7, 'Roland', 'Ribéry, Franck'),
(1, 8, 'Roland', 'Ribéry, Franck'),
(2, 6, 'Roland', 'Ribéry, Franck'),
(3, 1, 'Roland', 'Ribéry, Franck'),
(4, 2, 'Roland', 'Ribéry, Franck'),
(5, 3, 'Roland', 'Ribéry, Franck'),
(5, 4, 'Roland', 'Ribéry, Franck'),
(5, 5, 'Roland', 'Ribéry, Franck'),
(4, 7, 'Philippe', 'Robben, Arjen'),
(5, 1, 'Philippe', 'Robben, Arjen'),
(3, 4, 'Roland', 'Schmelzer, Marcel'),
(4, 3, 'Roland', 'Schmelzer, Marcel'),
(6, 7, 'Roland', 'Schmelzer, Marcel'),
(9, 1, 'Roland', 'Schmelzer, Marcel'),
(9, 2, 'Roland', 'Schmelzer, Marcel'),
(9, 6, 'Roland', 'Schmelzer, Marcel'),
(10, 5, 'Roland', 'Schmelzer, Marcel'),
(10, 8, 'Roland', 'Schmelzer, Marcel'),
(4, 5, 'Pierre', 'Schürrle, André'),
(7, 6, 'Pierre', 'Schürrle, André'),
(8, 1, 'Pierre', 'Schürrle, André'),
(8, 2, 'Pierre', 'Schürrle, André'),
(8, 8, 'Pierre', 'Schürrle, André'),
(9, 7, 'Pierre', 'Schürrle, André'),
(10, 9, 'Pierre', 'Schürrle, André'),
(1, 3, 'Pierre', 'Schweinsteiger, Bastian'),
(2, 6, 'Pierre', 'Schweinsteiger, Bastian'),
(3, 7, 'Pierre', 'Schweinsteiger, Bastian'),
(4, 8, 'Pierre', 'Schweinsteiger, Bastian'),
(6, 5, 'Pierre', 'Schweinsteiger, Bastian'),
(6, 9, 'Pierre', 'Schweinsteiger, Bastian'),
(7, 4, 'Pierre', 'Schweinsteiger, Bastian'),
(9, 2, 'Pierre', 'Schweinsteiger, Bastian'),
(10, 1, 'Pierre', 'Schweinsteiger, Bastian'),
(0, 6, 'Roland', 'Shaqiri, Xherdan'),
(2, 3, 'Philippe', 'Sokratis'),
(4, 2, 'Philippe', 'Sokratis'),
(7, 6, 'Philippe', 'Sokratis'),
(7, 7, 'Philippe', 'Sokratis'),
(9, 4, 'Philippe', 'Sokratis'),
(4, 7, 'Pierre', 'Sorg, Oliver'),
(7, 8, 'Pierre', 'Sorg, Oliver'),
(9, 4, 'Pierre', 'Sorg, Oliver'),
(1, 5, 'Philippe', 'Stranzl, Martin'),
(2, 2, 'Philippe', 'Stranzl, Martin'),
(0, 9, 'Pierre', 'Subotic, Neven'),
(1, 5, 'Pierre', 'Subotic, Neven'),
(2, 4, 'Pierre', 'Subotic, Neven'),
(2, 8, 'Pierre', 'Subotic, Neven'),
(3, 2, 'Pierre', 'Subotic, Neven'),
(3, 6, 'Pierre', 'Subotic, Neven'),
(7, 1, 'Pierre', 'Subotic, Neven'),
(7, 3, 'Pierre', 'Subotic, Neven'),
(7, 7, 'Pierre', 'Subotic, Neven'),
(3, 6, 'Roland', 'Tasci, Serdar'),
(8, 7, 'Roland', 'Tasci, Serdar'),
(0, 2, 'Pierre', 'ter Stegen, Marc-André'),
(0, 3, 'Pierre', 'ter Stegen, Marc-André'),
(1, 1, 'Pierre', 'ter Stegen, Marc-André'),
(1, 7, 'Pierre', 'ter Stegen, Marc-André'),
(1, 9, 'Pierre', 'ter Stegen, Marc-André'),
(4, 6, 'Pierre', 'ter Stegen, Marc-André'),
(6, 4, 'Pierre', 'ter Stegen, Marc-André'),
(6, 8, 'Pierre', 'ter Stegen, Marc-André'),
(9, 5, 'Pierre', 'ter Stegen, Marc-André'),
(3, 1, 'Rémi', 'Uchida, Atsuto'),
(3, 2, 'Rémi', 'Uchida, Atsuto'),
(10, 3, 'Rémi', 'Uchida, Atsuto'),
(0, 2, 'Philippe', 'Weidenfeller, Roman'),
(4, 3, 'Philippe', 'Weidenfeller, Roman'),
(6, 1, 'Philippe', 'Weidenfeller, Roman'),
(8, 8, 'Philippe', 'Weidenfeller, Roman'),
(1, 8, 'Pierre', 'Wollscheid, Philipp'),
(2, 1, 'Pierre', 'Wollscheid, Philipp'),
(2, 5, 'Pierre', 'Wollscheid, Philipp'),
(3, 4, 'Pierre', 'Wollscheid, Philipp'),
(4, 2, 'Pierre', 'Wollscheid, Philipp'),
(6, 6, 'Pierre', 'Wollscheid, Philipp'),
(8, 7, 'Pierre', 'Wollscheid, Philipp'),
(0, 3, 'Rémi', 'Xhaka, Granit'),
(2, 2, 'Rémi', 'Xhaka, Granit'),
(2, 5, 'Rémi', 'Xhaka, Granit'),
(3, 4, 'Rémi', 'Xhaka, Granit'),
(8, 1, 'Rémi', 'Xhaka, Granit');

-- --------------------------------------------------------

--
-- Tabellenstruktur für Tabelle `AUSWERTUNG`
--

CREATE TABLE IF NOT EXISTS `AUSWERTUNG` (
  `SPIELTAG` int(11) NOT NULL,
  `BONUSPUNKTE` int(11) DEFAULT NULL,
  `EIGENTORE` int(11) DEFAULT NULL,
  `GEGENTORE` int(11) DEFAULT NULL,
  `GELBEKARTEN` int(11) DEFAULT NULL,
  `GESAMTPUNKTE` int(11) DEFAULT NULL,
  `NOTENSCHNITT` decimal(35,3) DEFAULT NULL,
  `ROTEKARTEN` int(11) DEFAULT NULL,
  `TORE` int(11) DEFAULT NULL,
  `VORLAGEN` int(11) DEFAULT NULL,
  `MITSPIELER_NAME` varchar(255) NOT NULL,
  PRIMARY KEY (`SPIELTAG`,`MITSPIELER_NAME`),
  KEY `FK_AUSWERTUNG_MITSPIELER_NAME` (`MITSPIELER_NAME`)
) ENGINE=InnoDB DEFAULT CHARSET=utf8;

--
-- Daten für Tabelle `AUSWERTUNG`
--

INSERT INTO `AUSWERTUNG` (`SPIELTAG`, `BONUSPUNKTE`, `EIGENTORE`, `GEGENTORE`, `GELBEKARTEN`, `GESAMTPUNKTE`, `NOTENSCHNITT`, `ROTEKARTEN`, `TORE`, `VORLAGEN`, `MITSPIELER_NAME`) VALUES
(1, 10, 0, 2, 1, 27, '3.182', 0, 0, 3, 'Philippe'),
(1, 0, 0, 4, 0, 4, '3.409', 0, 1, 1, 'Pierre'),
(1, 5, 0, 4, 2, 15, '3.273', 0, 3, 0, 'Rémi'),
(1, 0, 0, 6, 1, 6, '3.545', 0, 2, 2, 'Roland'),
(2, 4, 0, 3, 1, 31, '3.091', 0, 2, 3, 'Philippe'),
(2, 5, 0, 5, 2, 19, '3.227', 0, 4, 0, 'Pierre'),
(2, 0, 0, 4, 1, 15, '3.318', 0, 2, 2, 'Rémi'),
(2, 4, 0, 3, 0, 24, '3.318', 1, 2, 3, 'Roland'),
(3, 5, 0, 7, 1, 40, '3.045', 0, 3, 5, 'Philippe'),
(3, 0, 0, 6, 0, 12, '3.318', 0, 3, 1, 'Pierre'),
(3, 10, 0, 5, 0, 42, '2.955', 0, 4, 2, 'Rémi'),
(3, 0, 0, 7, 1, 19, '2.864', 0, 2, 2, 'Roland'),
(4, 4, 0, 0, 2, 18, '3.455', 0, 1, 2, 'Philippe'),
(4, 0, 1, 1, 0, -6, '3.545', 0, 0, 0, 'Pierre'),
(4, 7, 0, 0, 0, 10, '3.818', 0, 2, 0, 'Rémi'),
(4, 2, 0, 2, 1, 12, '3.500', 0, 1, 2, 'Roland'),
(5, 0, 0, 7, 1, -6, '3.409', 1, 2, 0, 'Philippe'),
(5, 0, 0, 8, 1, 12, '3.318', 0, 3, 2, 'Pierre'),
(5, 10, 0, 4, 0, 55, '2.909', 0, 6, 2, 'Rémi'),
(5, 5, 0, 5, 1, 18, '3.318', 0, 1, 3, 'Roland'),
(6, 0, 0, 4, 2, -10, '3.500', 0, 0, 0, 'Philippe'),
(6, 2, 0, 9, 1, 22, '2.864', 0, 2, 3, 'Pierre'),
(6, 7, 0, 2, 0, 30, '3.182', 0, 4, 0, 'Rémi'),
(6, 4, 0, 2, 0, 26, '3.227', 0, 1, 3, 'Roland'),
(7, 5, 0, 2, 0, 8, '3.409', 0, 0, 1, 'Philippe'),
(7, 2, 0, 3, 0, 7, '3.455', 0, 0, 2, 'Pierre'),
(7, 4, 0, 3, 0, 23, '3.500', 0, 3, 2, 'Rémi'),
(7, 4, 0, 5, 0, 28, '3.091', 0, 3, 2, 'Roland'),
(8, 5, 0, 4, 0, 12, '3.273', 0, 1, 1, 'Philippe'),
(8, 0, 0, 9, 1, -21, '3.591', 0, 0, 0, 'Pierre'),
(8, 0, 0, 5, 0, 14, '3.318', 0, 3, 1, 'Rémi'),
(8, 10, 0, 8, 1, 55, '2.727', 0, 4, 5, 'Roland');

-- --------------------------------------------------------

--
-- Tabellenstruktur für Tabelle `BESITZ`
--

CREATE TABLE IF NOT EXISTS `BESITZ` (
  `ID` int(11) NOT NULL,
  `BEGINN` int(11) DEFAULT NULL,
  `ENDE` int(11) DEFAULT NULL,
  `BESITZER_NAME` varchar(255) DEFAULT NULL,
  `SPIELER_NAME` varchar(255) NOT NULL,
  PRIMARY KEY (`ID`),
  KEY `FK_BESITZ_SPIELER_NAME` (`SPIELER_NAME`),
  KEY `FK_BESITZ_BESITZER_NAME` (`BESITZER_NAME`)
) ENGINE=InnoDB DEFAULT CHARSET=utf8;

--
-- Daten für Tabelle `BESITZ`
--

INSERT INTO `BESITZ` (`ID`, `BEGINN`, `ENDE`, `BESITZER_NAME`, `SPIELER_NAME`) VALUES
(1, 1, 34, 'Roland', 'Leno, Bernd'),
(2, 1, 34, 'Roland', 'Friedrich, Manuel'),
(3, 1, 34, 'Rémi', 'Kadlec, Michal'),
(4, 1, 34, 'Pierre', 'Wollscheid, Philipp'),
(5, 1, 34, 'Philippe', 'Bender, Lars'),
(6, 1, 34, 'Philippe', 'Renato Augusto'),
(7, 1, 34, 'Rémi', 'Sam, Sidney'),
(8, 1, 34, 'Philippe', 'Fernandes, Junior'),
(9, 1, 34, 'Rémi', 'Kießling, Steine'),
(10, 1, 34, 'Pierre', 'Schürrle, André'),
(11, 1, 34, 'Rémi', 'Neuer, Manuel'),
(12, 1, 34, 'Rémi', 'Badstuber, Holger'),
(13, 1, 34, 'Philippe', 'Boateng, Jérôme'),
(14, 1, 34, 'Philippe', 'Dante'),
(15, 1, 34, 'Roland', 'Lahm, Philip'),
(16, 1, 34, 'Pierre', 'van Buyten, Daniel'),
(17, 1, 34, 'Rémi', 'Kroos, Tony'),
(18, 1, 34, 'Roland', 'Müller, Thomas'),
(19, 1, 34, 'Roland', 'Ribéry, Franck'),
(20, 1, 34, 'Philippe', 'Robben, Arjen'),
(21, 1, 34, 'Pierre', 'Schweinsteiger, Bastian'),
(22, 1, 34, 'Roland', 'Shaqiri, Xherdan'),
(23, 1, 34, 'Pierre', 'Gomez, Mario'),
(24, 1, 34, 'Rémi', 'Mandzukic, Mario'),
(25, 1, 34, 'Philippe', 'Olic, Ivica'),
(26, 1, 34, 'Philippe', 'Pizarro, Claudio'),
(27, 1, 34, 'Philippe', 'Weidenfeller, Roman'),
(28, 1, 34, 'Rémi', 'Hummels, Mats'),
(29, 1, 34, 'Philippe', 'Piczek'),
(30, 1, 34, 'Roland', 'Schmelzer, Marcel'),
(31, 1, 34, 'Pierre', 'Subotic, Neven'),
(32, 1, 34, 'Pierre', 'Blaczikowski, Jakub'),
(33, 1, 34, 'Pierre', 'Götze, Mario '),
(34, 1, 34, 'Roland', 'Gündogan, Ilkay'),
(35, 1, 34, 'Philippe', 'Kehl, Sebastian'),
(36, 1, 34, 'Rémi', 'Reus, Marco'),
(37, 1, 34, 'Roland', 'Lewandoski, Robert'),
(38, 1, 34, 'Pierre', 'ter Stegen, Marc-André'),
(39, 1, 34, 'Pierre', 'Daems, Filip'),
(40, 1, 34, 'Philippe', 'Domingues, Alvaro'),
(41, 1, 34, 'Rémi', 'Janschke, Tony'),
(42, 1, 34, 'Philippe', 'Stranzl, Martin'),
(43, 1, 34, 'Pierre', 'Arango, Juan'),
(44, 1, 34, 'Philippe', 'Hermann, Patrick'),
(45, 1, 34, 'Rémi', 'Xhaka, Granit'),
(46, 1, 34, 'Philippe', 'de Jong, Luuk'),
(47, 1, 34, 'Rémi', 'Mayer, Alexander'),
(48, 1, 34, 'Roland', 'Franz, Mike'),
(49, 1, 34, 'Philippe', 'Kiyotake, Hiroshi'),
(50, 1, 34, 'Roland', 'Berg, Markus'),
(51, 1, 34, 'Rémi', 'Zieler, Ron Robert'),
(52, 1, 34, 'Roland', 'Felipe'),
(53, 1, 34, 'Rémi', 'Huszti, Szabolcs'),
(54, 1, 34, 'Roland', 'Pinto, Sergio'),
(55, 1, 34, 'Roland', 'Diouf, Mam'),
(56, 1, 34, 'Roland', 'Polanski, Eugen'),
(57, 1, 34, 'Philippe', 'Baumann, Oliver'),
(58, 1, 34, 'Philippe', 'Diagné, Fallou'),
(59, 1, 34, 'Pierre', 'Sorg, Oliver'),
(60, 1, 34, 'Pierre', 'Hildebrand, Timo'),
(61, 1, 34, 'Pierre', 'Fuchs, Christian'),
(62, 1, 34, 'Roland', 'Höwedes, Benedikt'),
(63, 1, 34, 'Roland', 'Matip, Joel'),
(64, 1, 34, 'Rémi', 'Papadopoulos'),
(65, 1, 34, 'Rémi', 'Uchida, Atsuto'),
(66, 1, 34, 'Rémi', 'Barnetta, Tranquilo'),
(67, 1, 34, 'Pierre', 'Draxler, Julian'),
(68, 1, 34, 'Roland', 'Holtby, Lewis'),
(69, 1, 34, 'Philippe', 'Neustädter, Roman'),
(70, 1, 34, 'Rémi', 'Farfan, Jefferson'),
(71, 1, 34, 'Pierre', 'Huntelaar, Klas-Jan'),
(72, 1, 7, 'Roland', 'Brafheid, Edson'),
(73, 1, 34, 'Pierre', 'Delpierre, Mathieu'),
(74, 1, 34, 'Pierre', 'Salihovic, Sehad'),
(75, 1, 34, 'Rémi', 'Derdiok, Eren'),
(76, 1, 34, 'Roland', 'Ulreich, Sven'),
(77, 1, 34, 'Rémi', 'Niedermeier'),
(78, 1, 34, 'Roland', 'Tasci, Serdar'),
(79, 1, 34, 'Pierre', 'Hajnal, Tamasz'),
(80, 1, 34, 'Roland', 'Ibisevic, Sedad'),
(81, 1, 34, 'Pierre', 'Pogatez, Emmanuel'),
(82, 1, 34, 'Philippe', 'Naldo'),
(83, 1, 34, 'Rémi', 'Gebre Selassie, Haile'),
(84, 1, 34, 'Philippe', 'Sokratis'),
(85, 1, 34, 'Rémi', 'de Bruyne, Inge'),
(86, 1, 34, 'Philippe', 'Hunt, Aaron'),
(87, 1, 34, 'Pierre', 'Elia, Eljero'),
(88, 1, 34, 'Philippe', 'Petersen, Nils'),
(89, 1, 34, 'Pierre', 'Diego'),
(90, 8, 34, 'Roland', 'Compper, Marvin');

-- --------------------------------------------------------

--
-- Tabellenstruktur für Tabelle `BEWERTUNG`
--

CREATE TABLE IF NOT EXISTS `BEWERTUNG` (
  `SPIELTAG` int(11) NOT NULL,
  `EIGENTORE` int(11) DEFAULT NULL,
  `GEGENTORE` int(11) DEFAULT NULL,
  `GELB` int(11) DEFAULT NULL,
  `NOTE` decimal(37,1) DEFAULT NULL,
  `PUNKTE` int(11) DEFAULT NULL,
  `ROT` int(11) DEFAULT NULL,
  `TORE` int(11) DEFAULT NULL,
  `UNBENOTET` tinyint(1) DEFAULT '0',
  `VORLAGEN` int(11) DEFAULT NULL,
  `SPIELER_NAME` varchar(255) NOT NULL,
  PRIMARY KEY (`SPIELTAG`,`SPIELER_NAME`),
  KEY `FK_BEWERTUNG_SPIELER_NAME` (`SPIELER_NAME`)
) ENGINE=InnoDB DEFAULT CHARSET=utf8;

--
-- Daten für Tabelle `BEWERTUNG`
--

INSERT INTO `BEWERTUNG` (`SPIELTAG`, `EIGENTORE`, `GEGENTORE`, `GELB`, `NOTE`, `PUNKTE`, `ROT`, `TORE`, `UNBENOTET`, `VORLAGEN`, `SPIELER_NAME`) VALUES
(1, 0, 0, 0, '1.5', 14, 0, 1, 0, 1, 'Arango, Juan'),
(1, 0, 0, 0, '3.5', 0, 0, 0, 0, 0, 'Badstuber, Holger'),
(1, 0, 0, 0, '4.0', -1, 0, 0, 0, 0, 'Barnetta, Tranquilo'),
(1, 0, 1, 0, '3.0', -1, 0, 0, 0, 0, 'Baumann, Oliver'),
(1, 0, 0, 0, '4.0', -1, 0, 0, 0, 0, 'Bender, Lars'),
(1, 0, 0, 0, '6.0', -5, 0, 0, 0, 0, 'Berg, Markus'),
(1, 0, 0, 0, '2.5', 7, 0, 0, 0, 1, 'Blaczikowski, Jakub'),
(1, 0, 0, 1, '3.0', 0, 0, 0, 0, 0, 'Boateng, Jérôme'),
(1, 0, 2, 0, '4.0', -5, 0, 0, 1, 0, 'Brafheid, Edson'),
(1, 0, 1, 0, '4.0', -3, 0, 0, 0, 0, 'Daems, Filip'),
(1, 0, 0, 0, '3.5', 5, 0, 0, 0, 1, 'Dante'),
(1, 0, 0, 0, '3.0', 1, 0, 0, 0, 0, 'de Bruyne, Inge'),
(1, 0, 0, 0, '4.0', -1, 0, 0, 0, 0, 'de Jong, Luuk'),
(1, 0, 2, 0, '3.5', -4, 0, 0, 0, 0, 'Delpierre, Mathieu'),
(1, 0, 0, 0, '4.5', 3, 0, 0, 0, 1, 'Derdiok, Eren'),
(1, 0, 1, 0, '3.0', -1, 0, 0, 0, 0, 'Diagné, Fallou'),
(1, 0, 0, 0, '3.0', 1, 0, 0, 0, 0, 'Diego'),
(1, 0, 0, 0, '4.0', -1, 0, 0, 1, 0, 'Diouf, Mam'),
(1, 0, 1, 0, '4.0', -3, 0, 0, 1, 0, 'Domingues, Alvaro'),
(1, 0, 0, 1, '2.5', 1, 0, 0, 0, 0, 'Draxler, Julian'),
(1, 0, 0, 0, '2.5', 2, 0, 0, 0, 0, 'Elia, Eljero'),
(1, 0, 0, 0, '4.0', -1, 0, 0, 1, 0, 'Farfan, Jefferson'),
(1, 0, 2, 0, '4.5', -1, 0, 1, 0, 0, 'Felipe'),
(1, 0, 0, 0, '4.0', -1, 0, 0, 1, 0, 'Fernandes, Junior'),
(1, 0, 0, 0, '3.5', 0, 0, 0, 0, 0, 'Franz, Mike'),
(1, 0, 2, 0, '4.0', -5, 0, 0, 1, 0, 'Friedrich, Manuel'),
(1, 0, 2, 0, '3.5', -4, 0, 0, 0, 0, 'Fuchs, Christian'),
(1, 0, 2, 0, '3.5', 1, 0, 1, 0, 0, 'Gebre Selassie, Haile'),
(1, 0, 0, 0, '4.0', -1, 0, 0, 1, 0, 'Gomez, Mario'),
(1, 0, 0, 0, '4.0', 4, 0, 1, 0, 0, 'Götze, Mario '),
(1, 0, 0, 1, '4.0', -2, 0, 0, 0, 0, 'Gündogan, Ilkay'),
(1, 0, 0, 0, '4.0', -1, 0, 0, 0, 0, 'Hajnal, Tamasz'),
(1, 0, 0, 0, '4.0', -1, 0, 0, 1, 0, 'Hermann, Patrick'),
(1, 0, 2, 0, '3.0', -3, 0, 0, 0, 0, 'Hildebrand, Timo'),
(1, 0, 0, 0, '2.0', 13, 0, 1, 0, 1, 'Holtby, Lewis'),
(1, 0, 2, 0, '4.0', -5, 0, 0, 1, 0, 'Höwedes, Benedikt'),
(1, 0, 0, 0, '3.0', 1, 0, 0, 0, 0, 'Hummels, Mats'),
(1, 0, 0, 0, '2.0', 3, 0, 0, 0, 0, 'Hunt, Aaron'),
(1, 0, 0, 0, '3.0', 6, 0, 1, 0, 0, 'Huntelaar, Klas-Jan'),
(1, 0, 0, 0, '4.0', -1, 0, 0, 1, 0, 'Huszti, Szabolcs'),
(1, 0, 0, 0, '5.0', -3, 0, 0, 0, 0, 'Ibisevic, Sedad'),
(1, 0, 1, 1, '3.0', -2, 0, 0, 0, 0, 'Janschke, Tony'),
(1, 0, 2, 0, '5.0', -7, 0, 0, 0, 0, 'Kadlec, Michal'),
(1, 0, 0, 1, '2.0', 2, 0, 0, 0, 0, 'Kehl, Sebastian'),
(1, 0, 0, 1, '3.0', 5, 0, 1, 0, 0, 'Kießling, Steine'),
(1, 0, 0, 0, '2.5', 2, 0, 0, 0, 0, 'Kiyotake, Hiroshi'),
(1, 0, 0, 0, '3.5', 0, 0, 0, 0, 0, 'Kroos, Tony'),
(1, 0, 0, 0, '3.0', 1, 0, 0, 0, 0, 'Lahm, Philip'),
(1, 0, 2, 0, '3.5', -4, 0, 0, 0, 0, 'Leno, Bernd'),
(1, 0, 0, 0, '3.5', 5, 0, 0, 0, 1, 'Lewandoski, Robert'),
(1, 0, 0, 0, '3.0', 6, 0, 1, 0, 0, 'Mandzukic, Mario'),
(1, 0, 2, 0, '3.5', -4, 0, 0, 0, 0, 'Matip, Joel'),
(1, 0, 0, 0, '3.0', 1, 0, 0, 0, 0, 'Mayer, Alexander'),
(1, 0, 0, 0, '3.0', 6, 0, 1, 0, 0, 'Müller, Thomas'),
(1, 0, 0, 0, '2.0', 3, 0, 0, 0, 0, 'Naldo'),
(1, 0, 0, 0, '3.0', 1, 0, 0, 0, 0, 'Neuer, Manuel'),
(1, 0, 0, 0, '4.0', -1, 0, 0, 0, 0, 'Neustädter, Roman'),
(1, 0, 1, 0, '4.0', -3, 0, 0, 1, 0, 'Niedermeier'),
(1, 0, 0, 0, '3.0', 1, 0, 0, 0, 0, 'Olic, Ivica'),
(1, 0, 2, 0, '3.0', -3, 0, 0, 0, 0, 'Papadopoulos'),
(1, 0, 0, 0, '4.0', -1, 0, 0, 1, 0, 'Petersen, Nils'),
(1, 0, 0, 0, '4.0', -1, 0, 0, 1, 0, 'Piczek'),
(1, 0, 0, 0, '3.5', 0, 0, 0, 0, 0, 'Pinto, Sergio'),
(1, 0, 0, 0, '4.0', -1, 0, 0, 1, 0, 'Pizarro, Claudio'),
(1, 0, 0, 0, '2.0', 3, 0, 0, 0, 0, 'Pogatez, Emmanuel'),
(1, 0, 0, 0, '4.0', -1, 0, 0, 1, 0, 'Polanski, Eugen'),
(1, 0, 0, 0, '4.0', -1, 0, 0, 1, 0, 'Renato Augusto'),
(1, 0, 0, 0, '2.0', 8, 0, 1, 0, 0, 'Reus, Marco'),
(1, 0, 0, 0, '4.0', -1, 0, 0, 1, 0, 'Ribéry, Franck'),
(1, 0, 0, 0, '2.5', 12, 0, 0, 0, 2, 'Robben, Arjen'),
(1, 0, 0, 0, '4.0', -1, 0, 0, 1, 0, 'Salihovic, Sehad'),
(1, 0, 0, 0, '4.0', -1, 0, 0, 1, 0, 'Sam, Sidney'),
(1, 0, 0, 0, '3.0', 1, 0, 0, 0, 0, 'Schmelzer, Marcel'),
(1, 0, 0, 0, '5.0', -3, 0, 0, 0, 0, 'Schürrle, André'),
(1, 0, 0, 0, '4.0', -1, 0, 0, 1, 0, 'Schweinsteiger, Bastian'),
(1, 0, 0, 0, '3.5', 0, 0, 0, 0, 0, 'Shaqiri, Xherdan'),
(1, 0, 2, 0, '3.5', -4, 0, 0, 0, 0, 'Sokratis'),
(1, 0, 1, 0, '3.5', -2, 0, 0, 0, 0, 'Sorg, Oliver'),
(1, 0, 1, 0, '3.0', -1, 0, 0, 0, 0, 'Stranzl, Martin'),
(1, 0, 0, 0, '3.0', 1, 0, 0, 0, 0, 'Subotic, Neven'),
(1, 0, 1, 1, '2.5', -1, 0, 0, 0, 0, 'Tasci, Serdar'),
(1, 0, 1, 0, '3.0', -1, 0, 0, 0, 0, 'ter Stegen, Marc-André'),
(1, 0, 2, 0, '3.0', -3, 0, 0, 0, 0, 'Uchida, Atsuto'),
(1, 0, 1, 0, '2.5', 0, 0, 0, 0, 0, 'Ulreich, Sven'),
(1, 0, 0, 0, '4.0', -1, 0, 0, 1, 0, 'van Buyten, Daniel'),
(1, 0, 0, 0, '2.0', 3, 0, 0, 0, 0, 'Weidenfeller, Roman'),
(1, 0, 2, 0, '4.0', -5, 0, 0, 0, 0, 'Wollscheid, Philipp'),
(1, 0, 0, 1, '3.0', 0, 0, 0, 0, 0, 'Xhaka, Granit'),
(1, 0, 2, 0, '2.5', -2, 0, 0, 0, 0, 'Zieler, Ron Robert'),
(2, 0, 0, 0, '3.0', 1, 0, 0, 0, 0, 'Arango, Juan'),
(2, 0, 1, 0, '3.5', -2, 0, 0, 0, 0, 'Badstuber, Holger'),
(2, 0, 0, 0, '4.0', -1, 0, 0, 1, 0, 'Barnetta, Tranquilo'),
(2, 0, 2, 0, '2.5', -2, 0, 0, 0, 0, 'Baumann, Oliver'),
(2, 0, 0, 0, '2.5', 2, 0, 0, 0, 0, 'Bender, Lars'),
(2, 0, 0, 0, '4.0', -1, 0, 0, 1, 0, 'Berg, Markus'),
(2, 0, 0, 0, '2.5', 7, 0, 1, 0, 0, 'Blaczikowski, Jakub'),
(2, 0, 1, 1, '3.0', -2, 0, 0, 0, 0, 'Boateng, Jérôme'),
(2, 0, 4, 0, '4.0', -9, 0, 0, 0, 0, 'Brafheid, Edson'),
(2, 0, 0, 0, '3.0', 1, 0, 0, 0, 0, 'Daems, Filip'),
(2, 0, 1, 0, '3.0', -1, 0, 0, 0, 0, 'Dante'),
(2, 0, 0, 0, '4.0', -1, 0, 0, 0, 0, 'de Bruyne, Inge'),
(2, 0, 0, 0, '4.0', -1, 0, 0, 0, 0, 'de Jong, Luuk'),
(2, 0, 4, 0, '4.0', -9, 0, 0, 0, 0, 'Delpierre, Mathieu'),
(2, 0, 0, 0, '4.0', -1, 0, 0, 0, 0, 'Derdiok, Eren'),
(2, 0, 2, 0, '5.0', -7, 0, 0, 0, 0, 'Diagné, Fallou'),
(2, 0, 0, 0, '4.5', -2, 0, 0, 0, 0, 'Diego'),
(2, 0, 0, 0, '4.0', -1, 0, 0, 0, 0, 'Diouf, Mam'),
(2, 0, 0, 0, '3.0', 1, 0, 0, 0, 0, 'Domingues, Alvaro'),
(2, 0, 0, 1, '4.0', -2, 0, 0, 0, 0, 'Draxler, Julian'),
(2, 0, 0, 0, '4.0', -1, 0, 0, 0, 0, 'Elia, Eljero'),
(2, 0, 0, 0, '2.0', 3, 0, 0, 0, 0, 'Farfan, Jefferson'),
(2, 0, 0, 0, '4.0', -1, 0, 0, 1, 0, 'Felipe'),
(2, 0, 0, 0, '4.0', -1, 0, 0, 1, 0, 'Fernandes, Junior'),
(2, 0, 0, 0, '4.0', -1, 0, 0, 1, 0, 'Franz, Mike'),
(2, 0, 0, 0, '4.0', -1, 0, 0, 1, 0, 'Friedrich, Manuel'),
(2, 0, 1, 0, '4.0', -3, 0, 0, 0, 0, 'Fuchs, Christian'),
(2, 0, 0, 0, '3.5', 0, 0, 0, 0, 0, 'Gebre Selassie, Haile'),
(2, 0, 0, 0, '4.0', -1, 0, 0, 1, 0, 'Gomez, Mario'),
(2, 0, 0, 0, '4.0', -1, 0, 0, 1, 0, 'Götze, Mario '),
(2, 0, 0, 0, '2.0', 3, 0, 0, 0, 0, 'Gündogan, Ilkay'),
(2, 0, 0, 0, '5.0', -3, 0, 0, 0, 0, 'Hajnal, Tamasz'),
(2, 0, 0, 0, '4.0', -1, 0, 0, 0, 0, 'Hermann, Patrick'),
(2, 0, 1, 0, '4.0', -3, 0, 0, 1, 0, 'Hildebrand, Timo'),
(2, 0, 0, 0, '4.0', -1, 0, 0, 0, 0, 'Holtby, Lewis'),
(2, 0, 1, 0, '4.0', -3, 0, 0, 1, 0, 'Höwedes, Benedikt'),
(2, 0, 1, 0, '4.0', -3, 0, 0, 0, 0, 'Hummels, Mats'),
(2, 0, 0, 0, '2.0', 13, 0, 1, 0, 1, 'Hunt, Aaron'),
(2, 0, 0, 0, '3.5', 5, 0, 1, 0, 0, 'Huntelaar, Klas-Jan'),
(2, 0, 0, 0, '1.0', 25, 0, 0, 0, 4, 'Huszti, Szabolcs'),
(2, 0, 0, 0, '6.0', -8, 1, 0, 0, 0, 'Ibisevic, Sedad'),
(2, 0, 0, 0, '3.0', 1, 0, 0, 0, 0, 'Janschke, Tony'),
(2, 0, 0, 0, '4.0', -1, 0, 0, 0, 0, 'Kadlec, Michal'),
(2, 0, 0, 0, '3.0', 1, 0, 0, 0, 0, 'Kehl, Sebastian'),
(2, 0, 0, 0, '4.0', 4, 0, 0, 0, 1, 'Kießling, Steine'),
(2, 0, 0, 0, '3.0', 6, 0, 0, 0, 1, 'Kiyotake, Hiroshi'),
(2, 0, 0, 0, '1.5', 9, 0, 1, 0, 0, 'Kroos, Tony'),
(2, 0, 1, 0, '2.5', 5, 0, 0, 0, 1, 'Lahm, Philip'),
(2, 0, 0, 0, '3.0', 1, 0, 0, 0, 0, 'Leno, Bernd'),
(2, 0, 0, 0, '3.5', 0, 0, 0, 0, 0, 'Lewandoski, Robert'),
(2, 0, 0, 0, '2.5', 12, 0, 1, 0, 1, 'Mandzukic, Mario'),
(2, 0, 1, 0, '3.5', -2, 0, 0, 0, 0, 'Matip, Joel'),
(2, 0, 0, 0, '1.5', 14, 0, 2, 0, 0, 'Mayer, Alexander'),
(2, 0, 0, 0, '1.5', 24, 0, 2, 0, 2, 'Müller, Thomas'),
(2, 0, 4, 1, '5.0', -12, 0, 0, 0, 0, 'Naldo'),
(2, 0, 1, 0, '3.0', -1, 0, 0, 0, 0, 'Neuer, Manuel'),
(2, 0, 0, 0, '3.0', 1, 0, 0, 0, 0, 'Neustädter, Roman'),
(2, 0, 6, 0, '4.0', -13, 0, 0, 1, 0, 'Niedermeier'),
(2, 0, 0, 0, '4.5', -2, 0, 0, 0, 0, 'Olic, Ivica'),
(2, 0, 1, 0, '2.0', 6, 0, 1, 0, 0, 'Papadopoulos'),
(2, 0, 0, 0, '2.5', 12, 0, 1, 0, 1, 'Petersen, Nils'),
(2, 0, 1, 1, '3.0', -2, 0, 0, 0, 0, 'Piczek'),
(2, 0, 0, 0, '2.5', 2, 0, 0, 0, 0, 'Pinto, Sergio'),
(2, 0, 0, 0, '4.0', -1, 0, 0, 1, 0, 'Pizarro, Claudio'),
(2, 0, 4, 1, '4.0', -10, 0, 0, 0, 0, 'Pogatez, Emmanuel'),
(2, 0, 0, 0, '4.0', -1, 0, 0, 1, 0, 'Polanski, Eugen'),
(2, 0, 0, 0, '4.0', -1, 0, 0, 1, 0, 'Renato Augusto'),
(2, 0, 0, 0, '4.0', -1, 0, 0, 0, 0, 'Reus, Marco'),
(2, 0, 0, 0, '2.5', 2, 0, 0, 0, 0, 'Ribéry, Franck'),
(2, 0, 0, 0, '4.0', -1, 0, 0, 1, 0, 'Robben, Arjen'),
(2, 0, 0, 0, '4.0', -1, 0, 0, 0, 0, 'Salihovic, Sehad'),
(2, 0, 0, 0, '4.0', -1, 0, 0, 1, 0, 'Sam, Sidney'),
(2, 0, 1, 0, '3.5', -2, 0, 0, 0, 0, 'Schmelzer, Marcel'),
(2, 0, 0, 0, '3.5', 0, 0, 0, 0, 0, 'Schürrle, André'),
(2, 0, 0, 0, '2.0', 8, 0, 1, 0, 0, 'Schweinsteiger, Bastian'),
(2, 0, 0, 0, '4.0', -1, 0, 0, 1, 0, 'Shaqiri, Xherdan'),
(2, 0, 0, 0, '3.0', 1, 0, 0, 0, 0, 'Sokratis'),
(2, 0, 2, 0, '5.0', -7, 0, 0, 0, 0, 'Sorg, Oliver'),
(2, 0, 0, 0, '3.0', 1, 0, 0, 0, 0, 'Stranzl, Martin'),
(2, 0, 1, 0, '3.0', -1, 0, 0, 0, 0, 'Subotic, Neven'),
(2, 0, 6, 0, '5.0', -15, 0, 0, 0, 0, 'Tasci, Serdar'),
(2, 0, 0, 1, '3.0', 0, 0, 0, 0, 0, 'ter Stegen, Marc-André'),
(2, 0, 1, 0, '5.0', -5, 0, 0, 0, 0, 'Uchida, Atsuto'),
(2, 0, 6, 0, '5.0', -15, 0, 0, 0, 0, 'Ulreich, Sven'),
(2, 0, 1, 0, '4.0', -3, 0, 0, 1, 0, 'van Buyten, Daniel'),
(2, 0, 1, 0, '4.5', -4, 0, 0, 0, 0, 'Weidenfeller, Roman'),
(2, 0, 0, 0, '2.5', 7, 0, 1, 0, 0, 'Wollscheid, Philipp'),
(2, 0, 0, 1, '3.0', 0, 0, 0, 0, 0, 'Xhaka, Granit'),
(2, 0, 0, 0, '3.0', 1, 0, 0, 0, 0, 'Zieler, Ron Robert'),
(3, 0, 0, 0, '4.0', -1, 0, 0, 0, 0, 'Arango, Juan'),
(3, 0, 1, 0, '3.0', 4, 0, 0, 0, 1, 'Badstuber, Holger'),
(3, 0, 0, 0, '4.0', 4, 0, 0, 1, 1, 'Barnetta, Tranquilo'),
(3, 0, 3, 0, '3.0', -5, 0, 0, 0, 0, 'Baumann, Oliver'),
(3, 0, 0, 0, '5.0', -3, 0, 0, 0, 0, 'Bender, Lars'),
(3, 0, 0, 0, '4.0', -1, 0, 0, 1, 0, 'Berg, Markus'),
(3, 0, 0, 0, '2.0', 8, 0, 1, 0, 0, 'Blaczikowski, Jakub'),
(3, 0, 1, 0, '2.5', 0, 0, 0, 0, 0, 'Boateng, Jérôme'),
(3, 0, 5, 0, '4.0', -11, 0, 0, 1, 0, 'Brafheid, Edson'),
(3, 0, 3, 0, '4.5', -8, 0, 0, 0, 0, 'Daems, Filip'),
(3, 0, 1, 0, '4.5', -4, 0, 0, 0, 0, 'Dante'),
(3, 0, 0, 0, '3.0', 6, 0, 1, 0, 0, 'de Bruyne, Inge'),
(3, 0, 0, 0, '3.0', 6, 0, 1, 0, 0, 'de Jong, Luuk'),
(3, 0, 5, 0, '5.0', -8, 0, 1, 0, 0, 'Delpierre, Mathieu'),
(3, 0, 0, 0, '5.5', -4, 0, 0, 0, 0, 'Derdiok, Eren'),
(3, 0, 3, 0, '3.0', 0, 0, 1, 0, 0, 'Diagné, Fallou'),
(3, 0, 0, 0, '4.0', -1, 0, 0, 0, 0, 'Diego'),
(3, 0, 0, 0, '4.0', -1, 0, 0, 1, 0, 'Diouf, Mam'),
(3, 0, 3, 0, '5.0', -9, 0, 0, 0, 0, 'Domingues, Alvaro'),
(3, 0, 0, 0, '2.5', 7, 0, 1, 0, 0, 'Draxler, Julian'),
(3, 0, 0, 0, '3.0', 6, 0, 0, 0, 1, 'Elia, Eljero'),
(3, 0, 0, 0, '4.0', -1, 0, 0, 1, 0, 'Farfan, Jefferson'),
(3, 0, 2, 0, '4.0', -5, 0, 0, 1, 0, 'Felipe'),
(3, 0, 0, 0, '4.0', -1, 0, 0, 1, 0, 'Fernandes, Junior'),
(3, 0, 0, 0, '4.0', -1, 0, 0, 1, 0, 'Franz, Mike'),
(3, 0, 3, 0, '4.0', -7, 0, 0, 1, 0, 'Friedrich, Manuel'),
(3, 0, 0, 0, '3.5', 0, 0, 0, 0, 0, 'Fuchs, Christian'),
(3, 0, 3, 0, '3.5', -6, 0, 0, 0, 0, 'Gebre Selassie, Haile'),
(3, 0, 0, 0, '4.0', -1, 0, 0, 1, 0, 'Gomez, Mario'),
(3, 0, 0, 0, '2.5', 2, 0, 0, 0, 0, 'Götze, Mario '),
(3, 0, 0, 0, '2.0', 3, 0, 0, 0, 0, 'Gündogan, Ilkay'),
(3, 0, 0, 0, '4.0', -1, 0, 0, 0, 0, 'Hajnal, Tamasz'),
(3, 0, 0, 0, '2.0', 13, 0, 0, 0, 2, 'Hermann, Patrick'),
(3, 0, 0, 0, '4.0', -1, 0, 0, 1, 0, 'Hildebrand, Timo'),
(3, 0, 0, 0, '2.5', 7, 0, 1, 0, 0, 'Holtby, Lewis'),
(3, 0, 0, 0, '3.5', 0, 0, 0, 0, 0, 'Höwedes, Benedikt'),
(3, 0, 0, 0, '2.5', 7, 0, 1, 0, 0, 'Hummels, Mats'),
(3, 0, 0, 0, '2.0', 8, 0, 1, 0, 0, 'Hunt, Aaron'),
(3, 0, 0, 0, '4.5', -2, 0, 0, 0, 0, 'Huntelaar, Klas-Jan'),
(3, 0, 0, 1, '1.0', 16, 1, 2, 0, 1, 'Huszti, Szabolcs'),
(3, 0, 0, 0, '4.0', -1, 0, 0, 1, 0, 'Ibisevic, Sedad'),
(3, 0, 3, 0, '3.5', -6, 0, 0, 0, 0, 'Janschke, Tony'),
(3, 0, 3, 0, '5.0', -9, 0, 0, 0, 0, 'Kadlec, Michal'),
(3, 0, 0, 0, '3.0', 1, 0, 0, 0, 0, 'Kehl, Sebastian'),
(3, 0, 0, 0, '3.0', 1, 0, 0, 0, 0, 'Kießling, Steine'),
(3, 0, 0, 0, '1.0', 20, 0, 1, 0, 2, 'Kiyotake, Hiroshi'),
(3, 0, 0, 0, '2.0', 8, 0, 1, 0, 0, 'Kroos, Tony'),
(3, 0, 1, 0, '2.0', 1, 0, 0, 0, 0, 'Lahm, Philip'),
(3, 0, 3, 0, '4.0', -7, 0, 0, 0, 0, 'Leno, Bernd'),
(3, 0, 0, 0, '2.0', 8, 0, 1, 0, 0, 'Lewandoski, Robert'),
(3, 0, 0, 0, '2.0', 8, 0, 1, 0, 0, 'Mandzukic, Mario'),
(3, 0, 0, 0, '3.0', 1, 0, 0, 0, 0, 'Matip, Joel'),
(3, 0, 0, 0, '3.0', 1, 0, 0, 0, 0, 'Mayer, Alexander'),
(3, 0, 0, 0, '1.5', 9, 0, 0, 0, 1, 'Müller, Thomas'),
(3, 0, 0, 0, '2.5', 2, 0, 0, 0, 0, 'Naldo'),
(3, 0, 1, 0, '2.5', 0, 0, 0, 0, 0, 'Neuer, Manuel'),
(3, 0, 0, 0, '3.0', 1, 0, 0, 0, 0, 'Neustädter, Roman'),
(3, 0, 0, 0, '4.0', -1, 0, 0, 0, 0, 'Niedermeier'),
(3, 0, 0, 1, '4.0', -2, 0, 0, 0, 0, 'Olic, Ivica'),
(3, 0, 0, 0, '3.0', 1, 0, 0, 0, 0, 'Papadopoulos'),
(3, 0, 0, 0, '5.0', -3, 0, 0, 0, 0, 'Petersen, Nils'),
(3, 0, 0, 0, '2.5', 7, 0, 0, 0, 1, 'Piczek'),
(3, 0, 0, 1, '4.0', -2, 0, 0, 0, 0, 'Pinto, Sergio'),
(3, 0, 0, 0, '4.0', -1, 0, 0, 1, 0, 'Pizarro, Claudio'),
(3, 0, 0, 0, '3.0', 1, 0, 0, 0, 0, 'Pogatez, Emmanuel'),
(3, 0, 0, 0, '4.0', -1, 0, 0, 1, 0, 'Polanski, Eugen'),
(3, 0, 0, 0, '4.0', -1, 0, 0, 1, 0, 'Renato Augusto'),
(3, 0, 0, 0, '2.5', 7, 0, 0, 0, 1, 'Reus, Marco'),
(3, 0, 0, 0, '4.0', -1, 0, 0, 1, 0, 'Ribéry, Franck'),
(3, 0, 0, 0, '4.0', -1, 0, 0, 1, 0, 'Robben, Arjen'),
(3, 0, 0, 0, '4.0', -1, 0, 0, 1, 0, 'Salihovic, Sehad'),
(3, 0, 0, 0, '4.0', -1, 0, 0, 1, 0, 'Sam, Sidney'),
(3, 0, 0, 1, '2.0', 7, 0, 0, 0, 1, 'Schmelzer, Marcel'),
(3, 0, 0, 0, '4.5', -2, 0, 0, 0, 0, 'Schürrle, André'),
(3, 0, 0, 0, '2.5', 7, 0, 1, 0, 0, 'Schweinsteiger, Bastian'),
(3, 0, 0, 0, '3.0', 1, 0, 0, 0, 0, 'Shaqiri, Xherdan'),
(3, 0, 3, 1, '4.5', -9, 0, 0, 0, 0, 'Sokratis'),
(3, 0, 3, 1, '4.0', -3, 0, 0, 0, 1, 'Sorg, Oliver'),
(3, 0, 3, 0, '4.5', -8, 0, 0, 0, 0, 'Stranzl, Martin'),
(3, 0, 0, 0, '3.0', 1, 0, 0, 0, 0, 'Subotic, Neven'),
(3, 0, 0, 0, '4.0', -1, 0, 0, 1, 0, 'Tasci, Serdar'),
(3, 0, 3, 0, '4.0', -7, 0, 0, 0, 0, 'ter Stegen, Marc-André'),
(3, 0, 0, 0, '4.0', -1, 0, 0, 1, 0, 'Uchida, Atsuto'),
(3, 0, 0, 0, '3.0', 1, 0, 0, 0, 0, 'Ulreich, Sven'),
(3, 0, 1, 0, '4.0', -3, 0, 0, 1, 0, 'van Buyten, Daniel'),
(3, 0, 0, 0, '3.0', 1, 0, 0, 0, 0, 'Weidenfeller, Roman'),
(3, 0, 3, 1, '5.0', -10, 0, 0, 0, 0, 'Wollscheid, Philipp'),
(3, 0, 0, 0, '2.0', 8, 0, 1, 0, 0, 'Xhaka, Granit'),
(3, 0, 2, 0, '2.5', -2, 0, 0, 0, 0, 'Zieler, Ron Robert'),
(4, 0, 0, 0, '5.0', 2, 0, 0, 0, 1, 'Arango, Juan'),
(4, 0, 0, 0, '3.0', 1, 0, 0, 0, 0, 'Badstuber, Holger'),
(4, 0, 0, 0, '4.0', -1, 0, 0, 1, 0, 'Barnetta, Tranquilo'),
(4, 0, 0, 0, '3.0', 1, 0, 0, 0, 0, 'Baumann, Oliver'),
(4, 0, 0, 0, '3.0', 1, 0, 0, 0, 0, 'Bender, Lars'),
(4, 0, 0, 0, '4.0', -1, 0, 0, 1, 0, 'Berg, Markus'),
(4, 0, 0, 0, '4.0', -1, 0, 0, 1, 0, 'Blaczikowski, Jakub'),
(4, 0, 0, 0, '4.0', -1, 0, 0, 0, 0, 'Boateng, Jérôme'),
(4, 0, 0, 0, '4.0', -1, 0, 0, 1, 0, 'Brafheid, Edson'),
(4, 0, 0, 0, '3.0', 1, 0, 0, 0, 0, 'Daems, Filip'),
(4, 0, 0, 0, '3.5', 0, 0, 0, 0, 0, 'Dante'),
(4, 0, 0, 0, '2.0', 3, 0, 0, 0, 0, 'de Bruyne, Inge'),
(4, 0, 0, 0, '5.0', -3, 0, 0, 0, 0, 'de Jong, Luuk'),
(4, 1, 0, 0, '3.0', -2, 0, 0, 0, 0, 'Delpierre, Mathieu'),
(4, 0, 0, 0, '4.0', -1, 0, 0, 1, 0, 'Derdiok, Eren'),
(4, 0, 0, 0, '4.0', -1, 0, 0, 0, 0, 'Diagné, Fallou'),
(4, 0, 0, 0, '3.5', 0, 0, 0, 0, 0, 'Diego'),
(4, 0, 0, 0, '4.0', -1, 0, 0, 1, 0, 'Diouf, Mam'),
(4, 0, 0, 0, '4.0', -1, 0, 0, 1, 0, 'Domingues, Alvaro'),
(4, 0, 0, 0, '4.5', -2, 0, 0, 0, 0, 'Draxler, Julian'),
(4, 0, 0, 0, '4.0', -1, 0, 0, 0, 0, 'Elia, Eljero'),
(4, 0, 0, 0, '5.0', -3, 0, 0, 0, 0, 'Farfan, Jefferson'),
(4, 0, 0, 0, '3.5', 0, 0, 0, 0, 0, 'Felipe'),
(4, 0, 0, 0, '4.0', -1, 0, 0, 1, 0, 'Fernandes, Junior'),
(4, 0, 0, 0, '4.0', -1, 0, 0, 1, 0, 'Franz, Mike'),
(4, 0, 0, 0, '4.0', -1, 0, 0, 1, 0, 'Friedrich, Manuel'),
(4, 0, 2, 1, '4.5', -7, 0, 0, 0, 0, 'Fuchs, Christian'),
(4, 0, 0, 0, '5.0', -3, 0, 0, 0, 0, 'Gebre Selassie, Haile'),
(4, 0, 0, 0, '4.0', -1, 0, 0, 1, 0, 'Gomez, Mario'),
(4, 0, 0, 0, '3.0', 1, 0, 0, 0, 0, 'Götze, Mario '),
(4, 0, 0, 0, '4.0', -1, 0, 0, 1, 0, 'Gündogan, Ilkay'),
(4, 0, 0, 0, '4.0', -1, 0, 0, 1, 0, 'Hajnal, Tamasz'),
(4, 0, 0, 0, '3.5', 5, 0, 1, 0, 0, 'Hermann, Patrick'),
(4, 0, 2, 0, '4.0', -5, 0, 0, 1, 0, 'Hildebrand, Timo'),
(4, 0, 0, 0, '4.0', -1, 0, 0, 0, 0, 'Holtby, Lewis'),
(4, 0, 2, 0, '4.0', -5, 0, 0, 0, 0, 'Höwedes, Benedikt'),
(4, 0, 0, 0, '5.0', -3, 0, 0, 0, 0, 'Hummels, Mats'),
(4, 0, 0, 1, '3.0', 0, 0, 0, 0, 0, 'Hunt, Aaron'),
(4, 0, 0, 0, '5.0', -3, 0, 0, 0, 0, 'Huntelaar, Klas-Jan'),
(4, 0, 0, 0, '4.0', -1, 0, 0, 1, 0, 'Huszti, Szabolcs'),
(4, 0, 0, 0, '4.0', -1, 0, 0, 1, 0, 'Ibisevic, Sedad'),
(4, 0, 0, 0, '3.5', 0, 0, 0, 0, 0, 'Janschke, Tony'),
(4, 0, 0, 0, '3.0', 6, 0, 1, 0, 0, 'Kadlec, Michal'),
(4, 0, 0, 0, '3.0', 1, 0, 0, 0, 0, 'Kehl, Sebastian'),
(4, 0, 0, 0, '4.0', -1, 0, 0, 0, 0, 'Kießling, Steine'),
(4, 0, 0, 0, '3.0', 6, 0, 0, 0, 1, 'Kiyotake, Hiroshi'),
(4, 0, 0, 0, '1.5', 9, 0, 1, 0, 0, 'Kroos, Tony'),
(4, 0, 0, 0, '2.5', 2, 0, 0, 0, 0, 'Lahm, Philip'),
(4, 0, 0, 0, '3.0', 1, 0, 0, 0, 0, 'Leno, Bernd'),
(4, 0, 0, 0, '3.0', 6, 0, 0, 0, 1, 'Lewandoski, Robert'),
(4, 0, 0, 0, '4.0', -1, 0, 0, 0, 0, 'Mandzukic, Mario'),
(4, 0, 2, 1, '5.0', -8, 0, 0, 0, 0, 'Matip, Joel'),
(4, 0, 0, 1, '3.0', 0, 0, 0, 0, 0, 'Mayer, Alexander'),
(4, 0, 0, 0, '2.0', 13, 0, 1, 0, 1, 'Müller, Thomas'),
(4, 0, 1, 0, '3.5', -2, 0, 0, 0, 0, 'Naldo'),
(4, 0, 0, 0, '2.5', 2, 0, 0, 0, 0, 'Neuer, Manuel'),
(4, 0, 0, 0, '3.5', 0, 0, 0, 0, 0, 'Neustädter, Roman'),
(4, 0, 0, 0, '4.0', 4, 0, 0, 1, 1, 'Niedermeier'),
(4, 0, 0, 0, '3.5', 5, 0, 1, 0, 0, 'Olic, Ivica'),
(4, 0, 2, 0, '3.5', -4, 0, 0, 0, 0, 'Papadopoulos'),
(4, 0, 0, 0, '2.5', 2, 0, 0, 0, 0, 'Petersen, Nils'),
(4, 0, 0, 0, '3.5', 5, 0, 0, 0, 1, 'Piczek'),
(4, 0, 0, 0, '4.5', -2, 0, 0, 0, 0, 'Pinto, Sergio'),
(4, 0, 0, 0, '4.0', -1, 0, 0, 1, 0, 'Pizarro, Claudio'),
(4, 1, 1, 0, '5.0', -8, 0, 0, 0, 0, 'Pogatez, Emmanuel'),
(4, 0, 0, 0, '3.5', 0, 0, 0, 0, 0, 'Polanski, Eugen'),
(4, 0, 0, 0, '4.0', -1, 0, 0, 1, 0, 'Renato Augusto'),
(4, 0, 0, 0, '5.0', -3, 0, 0, 0, 0, 'Reus, Marco'),
(4, 0, 0, 0, '4.0', -1, 0, 0, 1, 0, 'Ribéry, Franck'),
(4, 0, 0, 0, '3.5', 0, 0, 0, 0, 0, 'Robben, Arjen'),
(4, 0, 0, 0, '4.0', 4, 0, 1, 1, 0, 'Salihovic, Sehad'),
(4, 0, 0, 0, '4.0', -1, 0, 0, 1, 0, 'Sam, Sidney'),
(4, 0, 0, 1, '4.0', -2, 0, 0, 0, 0, 'Schmelzer, Marcel'),
(4, 0, 0, 0, '3.5', 0, 0, 0, 0, 0, 'Schürrle, André'),
(4, 0, 0, 0, '2.0', 3, 0, 0, 0, 0, 'Schweinsteiger, Bastian'),
(4, 0, 0, 0, '4.0', -1, 0, 0, 1, 0, 'Shaqiri, Xherdan'),
(4, 0, 0, 1, '4.0', -2, 0, 0, 0, 0, 'Sokratis'),
(4, 0, 0, 0, '4.0', -1, 0, 0, 0, 0, 'Sorg, Oliver'),
(4, 0, 0, 0, '3.5', 0, 0, 0, 0, 0, 'Stranzl, Martin'),
(4, 0, 0, 0, '4.0', -1, 0, 0, 0, 0, 'Subotic, Neven'),
(4, 0, 0, 0, '4.0', -1, 0, 0, 1, 0, 'Tasci, Serdar'),
(4, 0, 0, 0, '1.0', 5, 0, 0, 0, 0, 'ter Stegen, Marc-André'),
(4, 0, 2, 0, '4.0', -5, 0, 0, 1, 0, 'Uchida, Atsuto'),
(4, 0, 0, 0, '2.0', 3, 0, 0, 0, 0, 'Ulreich, Sven'),
(4, 0, 0, 0, '4.0', -1, 0, 0, 0, 0, 'van Buyten, Daniel'),
(4, 0, 0, 0, '4.0', -1, 0, 0, 0, 0, 'Weidenfeller, Roman'),
(4, 0, 0, 0, '3.0', 1, 0, 0, 0, 0, 'Wollscheid, Philipp'),
(4, 0, 0, 0, '4.0', -1, 0, 0, 0, 0, 'Xhaka, Granit'),
(4, 0, 0, 0, '2.0', 3, 0, 0, 0, 0, 'Zieler, Ron Robert'),
(5, 0, 0, 0, '3.5', 5, 0, 0, 0, 1, 'Arango, Juan'),
(5, 0, 0, 0, '2.5', 2, 0, 0, 0, 0, 'Badstuber, Holger'),
(5, 0, 0, 0, '4.0', -1, 0, 0, 1, 0, 'Barnetta, Tranquilo'),
(5, 0, 2, 0, '3.5', -4, 0, 0, 0, 0, 'Baumann, Oliver'),
(5, 0, 0, 0, '2.5', 2, 0, 0, 0, 0, 'Bender, Lars'),
(5, 0, 0, 0, '4.0', -1, 0, 0, 1, 0, 'Berg, Markus'),
(5, 0, 0, 0, '3.5', 0, 0, 0, 0, 0, 'Blaczikowski, Jakub'),
(5, 0, 0, 0, '3.0', 1, 0, 0, 0, 0, 'Boateng, Jérôme'),
(5, 0, 0, 0, '4.0', -1, 0, 0, 1, 0, 'Brafheid, Edson'),
(5, 0, 2, 0, '4.0', -5, 0, 0, 0, 0, 'Daems, Filip'),
(5, 0, 0, 0, '2.5', 2, 0, 0, 0, 0, 'Dante'),
(5, 0, 0, 0, '4.5', 3, 0, 0, 0, 1, 'de Bruyne, Inge'),
(5, 0, 0, 0, '5.0', -3, 0, 0, 0, 0, 'de Jong, Luuk'),
(5, 0, 0, 0, '3.0', 1, 0, 0, 0, 0, 'Delpierre, Mathieu'),
(5, 0, 0, 0, '4.0', -1, 0, 0, 1, 0, 'Derdiok, Eren'),
(5, 0, 2, 0, '4.5', -6, 0, 0, 0, 0, 'Diagné, Fallou'),
(5, 0, 0, 0, '4.5', -2, 0, 0, 0, 0, 'Diego'),
(5, 0, 0, 0, '4.0', -1, 0, 0, 1, 0, 'Diouf, Mam'),
(5, 0, 2, 0, '3.5', 1, 0, 1, 0, 0, 'Domingues, Alvaro'),
(5, 0, 0, 1, '4.0', -2, 0, 0, 1, 0, 'Draxler, Julian'),
(5, 0, 0, 0, '4.5', -2, 0, 0, 0, 0, 'Elia, Eljero'),
(5, 0, 0, 0, '2.5', 7, 0, 1, 0, 0, 'Farfan, Jefferson'),
(5, 0, 1, 0, '4.0', -3, 0, 0, 1, 0, 'Felipe'),
(5, 0, 0, 0, '4.0', -1, 0, 0, 1, 0, 'Fernandes, Junior'),
(5, 0, 0, 0, '4.0', -1, 0, 0, 1, 0, 'Franz, Mike'),
(5, 0, 1, 0, '4.0', -3, 0, 0, 1, 0, 'Friedrich, Manuel'),
(5, 0, 0, 0, '3.0', 6, 0, 0, 0, 1, 'Fuchs, Christian'),
(5, 0, 1, 0, '4.0', -3, 0, 0, 1, 0, 'Gebre Selassie, Haile'),
(5, 0, 0, 0, '4.0', -1, 0, 0, 1, 0, 'Gomez, Mario'),
(5, 0, 0, 0, '1.5', 9, 0, 1, 0, 0, 'Götze, Mario '),
(5, 0, 0, 0, '4.0', -1, 0, 0, 1, 0, 'Gündogan, Ilkay'),
(5, 0, 0, 0, '5.0', -3, 0, 0, 0, 0, 'Hajnal, Tamasz'),
(5, 0, 0, 0, '3.5', 0, 0, 0, 0, 0, 'Hermann, Patrick'),
(5, 0, 0, 0, '4.0', -1, 0, 0, 1, 0, 'Hildebrand, Timo'),
(5, 0, 0, 0, '3.0', 6, 0, 1, 0, 0, 'Holtby, Lewis'),
(5, 0, 0, 0, '2.5', 7, 0, 0, 0, 1, 'Höwedes, Benedikt'),
(5, 0, 3, 0, '4.0', -7, 0, 0, 0, 0, 'Hummels, Mats'),
(5, 0, 0, 0, '2.5', 7, 0, 1, 0, 0, 'Hunt, Aaron'),
(5, 0, 0, 0, '4.5', -2, 0, 0, 0, 0, 'Huntelaar, Klas-Jan'),
(5, 0, 0, 0, '1.5', 19, 0, 1, 0, 2, 'Huszti, Szabolcs'),
(5, 0, 0, 0, '5.0', -3, 0, 0, 0, 0, 'Ibisevic, Sedad'),
(5, 0, 2, 0, '5.0', -7, 0, 0, 0, 0, 'Janschke, Tony'),
(5, 0, 1, 0, '4.0', -3, 0, 0, 0, 0, 'Kadlec, Michal'),
(5, 0, 0, 0, '3.5', 0, 0, 0, 0, 0, 'Kehl, Sebastian'),
(5, 0, 0, 0, '3.0', 6, 0, 1, 0, 0, 'Kießling, Steine'),
(5, 0, 0, 0, '3.5', 0, 0, 0, 0, 0, 'Kiyotake, Hiroshi'),
(5, 0, 0, 0, '4.0', -1, 0, 0, 1, 0, 'Kroos, Tony'),
(5, 0, 0, 0, '2.0', 8, 0, 0, 0, 1, 'Lahm, Philip'),
(5, 0, 1, 0, '3.5', -2, 0, 0, 0, 0, 'Leno, Bernd'),
(5, 0, 0, 1, '4.0', -2, 0, 0, 0, 0, 'Lewandoski, Robert'),
(5, 0, 0, 0, '1.0', 15, 0, 2, 0, 0, 'Mandzukic, Mario'),
(5, 0, 0, 0, '4.0', -1, 0, 0, 1, 0, 'Matip, Joel'),
(5, 0, 0, 0, '3.5', 0, 0, 0, 0, 0, 'Mayer, Alexander'),
(5, 0, 0, 0, '4.0', -1, 0, 0, 1, 0, 'Müller, Thomas'),
(5, 0, 3, 0, '6.0', -11, 0, 0, 0, 0, 'Naldo'),
(5, 0, 0, 0, '3.0', 1, 0, 0, 0, 0, 'Neuer, Manuel'),
(5, 0, 0, 1, '3.0', 0, 0, 0, 0, 0, 'Neustädter, Roman'),
(5, 0, 3, 0, '5.5', -10, 0, 0, 0, 0, 'Niedermeier'),
(5, 0, 0, 0, '4.0', -1, 0, 0, 0, 0, 'Olic, Ivica'),
(5, 0, 0, 0, '2.5', 2, 0, 0, 0, 0, 'Papadopoulos'),
(5, 0, 0, 0, '4.0', -1, 0, 0, 1, 0, 'Petersen, Nils'),
(5, 0, 3, 0, '2.5', 1, 0, 1, 0, 0, 'Piczek'),
(5, 0, 0, 0, '2.5', 2, 0, 0, 0, 0, 'Pinto, Sergio'),
(5, 0, 0, 0, '4.0', -1, 0, 0, 1, 0, 'Pizarro, Claudio'),
(5, 0, 3, 0, '5.0', -9, 0, 0, 0, 0, 'Pogatez, Emmanuel'),
(5, 0, 0, 1, '3.5', -1, 0, 0, 0, 0, 'Polanski, Eugen'),
(5, 0, 0, 0, '4.0', -1, 0, 0, 1, 0, 'Renato Augusto'),
(5, 0, 0, 0, '3.0', 6, 0, 1, 0, 0, 'Reus, Marco'),
(5, 0, 0, 0, '2.0', 8, 0, 0, 0, 1, 'Ribéry, Franck'),
(5, 0, 0, 0, '3.0', 1, 0, 0, 0, 0, 'Robben, Arjen'),
(5, 0, 0, 0, '4.0', -1, 0, 0, 1, 0, 'Salihovic, Sehad'),
(5, 0, 0, 0, '4.0', -1, 0, 0, 1, 0, 'Sam, Sidney'),
(5, 0, 3, 0, '5.0', -9, 0, 0, 0, 0, 'Schmelzer, Marcel'),
(5, 0, 0, 0, '3.0', 6, 0, 1, 0, 0, 'Schürrle, André'),
(5, 0, 0, 1, '1.0', 9, 0, 1, 0, 0, 'Schweinsteiger, Bastian'),
(5, 0, 0, 0, '2.0', 8, 0, 0, 0, 1, 'Shaqiri, Xherdan'),
(5, 0, 1, 0, '3.0', -1, 0, 0, 0, 0, 'Sokratis'),
(5, 0, 2, 0, '4.5', -6, 0, 0, 0, 0, 'Sorg, Oliver'),
(5, 0, 2, 0, '3.5', -2, 1, 1, 0, 0, 'Stranzl, Martin'),
(5, 0, 3, 0, '4.0', -7, 0, 0, 0, 0, 'Subotic, Neven'),
(5, 0, 3, 0, '5.0', -9, 0, 0, 0, 0, 'Tasci, Serdar'),
(5, 0, 2, 0, '2.5', -2, 0, 0, 0, 0, 'ter Stegen, Marc-André'),
(5, 0, 0, 0, '3.5', 0, 0, 0, 0, 0, 'Uchida, Atsuto'),
(5, 0, 3, 0, '2.5', -4, 0, 0, 0, 0, 'Ulreich, Sven'),
(5, 0, 0, 0, '4.0', -1, 0, 0, 0, 0, 'van Buyten, Daniel'),
(5, 0, 3, 0, '4.0', -7, 0, 0, 0, 0, 'Weidenfeller, Roman'),
(5, 0, 1, 0, '2.5', 5, 0, 1, 0, 0, 'Wollscheid, Philipp'),
(5, 0, 0, 0, '5.0', -3, 0, 0, 0, 0, 'Xhaka, Granit'),
(5, 0, 1, 0, '4.0', -3, 0, 0, 0, 0, 'Zieler, Ron Robert'),
(6, 0, 0, 0, '5.0', -3, 0, 0, 0, 0, 'Arango, Juan'),
(6, 0, 0, 0, '3.0', 1, 0, 0, 0, 0, 'Badstuber, Holger'),
(6, 0, 0, 0, '5.0', -3, 0, 0, 0, 0, 'Barnetta, Tranquilo'),
(6, 0, 0, 0, '4.0', -1, 0, 0, 0, 0, 'Baumann, Oliver'),
(6, 0, 0, 1, '3.0', 0, 0, 0, 0, 0, 'Bender, Lars'),
(6, 0, 0, 0, '4.0', -1, 0, 0, 1, 0, 'Berg, Markus'),
(6, 0, 0, 0, '2.0', 18, 0, 1, 0, 2, 'Blaczikowski, Jakub'),
(6, 0, 0, 0, '3.0', 1, 0, 0, 0, 0, 'Boateng, Jérôme'),
(6, 0, 0, 0, '4.0', -1, 0, 0, 1, 0, 'Brafheid, Edson'),
(6, 0, 5, 0, '5.0', -13, 0, 0, 0, 0, 'Daems, Filip'),
(6, 0, 0, 0, '3.0', 1, 0, 0, 0, 0, 'Dante'),
(6, 0, 0, 0, '3.5', 0, 0, 0, 0, 0, 'de Bruyne, Inge'),
(6, 0, 0, 0, '4.0', -1, 0, 0, 1, 0, 'de Jong, Luuk'),
(6, 0, 0, 0, '3.5', 0, 0, 0, 0, 0, 'Delpierre, Mathieu'),
(6, 0, 0, 0, '4.0', -1, 0, 0, 1, 0, 'Derdiok, Eren'),
(6, 0, 0, 0, '4.0', -1, 0, 0, 0, 0, 'Diagné, Fallou'),
(6, 0, 0, 0, '3.0', 1, 0, 0, 0, 0, 'Diego'),
(6, 0, 0, 0, '4.0', -1, 0, 0, 1, 0, 'Diouf, Mam'),
(6, 0, 5, 0, '5.5', -14, 0, 0, 0, 0, 'Domingues, Alvaro'),
(6, 0, 0, 0, '4.0', -1, 0, 0, 1, 0, 'Draxler, Julian'),
(6, 0, 0, 0, '3.5', 0, 0, 0, 0, 0, 'Elia, Eljero'),
(6, 0, 0, 0, '4.0', -1, 0, 0, 1, 0, 'Farfan, Jefferson'),
(6, 0, 1, 0, '4.0', -3, 0, 0, 1, 0, 'Felipe'),
(6, 0, 0, 0, '4.0', -1, 0, 0, 1, 0, 'Fernandes, Junior'),
(6, 0, 0, 0, '4.0', -1, 0, 0, 0, 0, 'Franz, Mike'),
(6, 0, 0, 0, '4.0', -1, 0, 0, 1, 0, 'Friedrich, Manuel'),
(6, 0, 2, 0, '3.0', 2, 0, 0, 0, 1, 'Fuchs, Christian'),
(6, 0, 2, 0, '5.0', -7, 0, 0, 0, 0, 'Gebre Selassie, Haile'),
(6, 0, 0, 0, '4.0', -1, 0, 0, 1, 0, 'Gomez, Mario'),
(6, 0, 0, 0, '2.5', 7, 0, 0, 0, 1, 'Götze, Mario '),
(6, 0, 0, 0, '2.0', 13, 0, 1, 0, 1, 'Gündogan, Ilkay'),
(6, 0, 0, 0, '4.0', -1, 0, 0, 1, 0, 'Hajnal, Tamasz'),
(6, 0, 0, 0, '5.5', -4, 0, 0, 0, 0, 'Hermann, Patrick'),
(6, 0, 2, 0, '4.0', -5, 0, 0, 1, 0, 'Hildebrand, Timo'),
(6, 0, 0, 0, '3.5', 0, 0, 0, 0, 0, 'Holtby, Lewis'),
(6, 0, 2, 0, '4.0', 0, 0, 0, 0, 1, 'Höwedes, Benedikt'),
(6, 0, 0, 0, '3.0', 1, 0, 0, 0, 0, 'Hummels, Mats'),
(6, 0, 0, 0, '3.0', 1, 0, 0, 0, 0, 'Hunt, Aaron'),
(6, 0, 0, 0, '3.0', 6, 0, 1, 0, 0, 'Huntelaar, Klas-Jan'),
(6, 0, 0, 0, '3.0', 1, 0, 0, 0, 0, 'Huszti, Szabolcs'),
(6, 0, 0, 0, '2.0', 13, 0, 1, 0, 1, 'Ibisevic, Sedad'),
(6, 0, 5, 0, '5.0', -13, 0, 0, 0, 0, 'Janschke, Tony'),
(6, 0, 0, 0, '5.0', -3, 0, 0, 0, 0, 'Kadlec, Michal'),
(6, 0, 0, 0, '2.5', 2, 0, 0, 0, 0, 'Kehl, Sebastian'),
(6, 0, 0, 0, '4.5', -2, 0, 0, 0, 0, 'Kießling, Steine'),
(6, 0, 0, 0, '4.0', -1, 0, 0, 0, 0, 'Kiyotake, Hiroshi'),
(6, 0, 0, 0, '4.0', -1, 0, 0, 0, 0, 'Kroos, Tony'),
(6, 0, 0, 0, '4.0', -1, 0, 0, 0, 0, 'Lahm, Philip'),
(6, 0, 0, 0, '3.0', 1, 0, 0, 0, 0, 'Leno, Bernd'),
(6, 0, 0, 0, '4.0', -1, 0, 0, 1, 0, 'Lewandoski, Robert'),
(6, 0, 0, 0, '2.5', 7, 0, 1, 0, 0, 'Mandzukic, Mario'),
(6, 0, 2, 0, '3.0', 2, 0, 1, 0, 0, 'Matip, Joel'),
(6, 0, 0, 0, '1.0', 15, 0, 2, 0, 0, 'Mayer, Alexander'),
(6, 0, 0, 0, '2.5', 7, 0, 0, 0, 1, 'Müller, Thomas'),
(6, 0, 2, 0, '5.0', -7, 0, 0, 0, 0, 'Naldo'),
(6, 0, 0, 0, '3.0', 1, 0, 0, 0, 0, 'Neuer, Manuel'),
(6, 0, 0, 0, '4.0', -1, 0, 0, 0, 0, 'Neustädter, Roman'),
(6, 0, 0, 0, '2.5', 2, 0, 0, 0, 0, 'Niedermeier'),
(6, 0, 0, 0, '5.0', -3, 0, 0, 0, 0, 'Olic, Ivica'),
(6, 0, 2, 0, '3.5', -4, 0, 0, 0, 0, 'Papadopoulos'),
(6, 0, 0, 0, '5.0', -3, 0, 0, 0, 0, 'Petersen, Nils'),
(6, 0, 0, 0, '3.0', 1, 0, 0, 0, 0, 'Piczek'),
(6, 0, 0, 0, '3.5', 0, 0, 0, 0, 0, 'Pinto, Sergio'),
(6, 0, 0, 0, '4.0', -1, 0, 0, 0, 0, 'Pizarro, Claudio'),
(6, 0, 2, 0, '3.0', -3, 0, 0, 0, 0, 'Pogatez, Emmanuel'),
(6, 0, 0, 0, '4.0', -1, 0, 0, 0, 0, 'Polanski, Eugen'),
(6, 0, 0, 0, '4.0', -1, 0, 0, 1, 0, 'Renato Augusto'),
(6, 0, 0, 0, '1.0', 15, 0, 2, 0, 0, 'Reus, Marco'),
(6, 0, 0, 0, '3.5', 0, 0, 0, 0, 0, 'Ribéry, Franck'),
(6, 0, 0, 0, '4.0', -1, 0, 0, 1, 0, 'Robben, Arjen'),
(6, 0, 0, 0, '4.0', -4, 1, 0, 1, 0, 'Salihovic, Sehad'),
(6, 0, 0, 0, '2.0', 13, 0, 2, 0, 0, 'Sam, Sidney'),
(6, 0, 0, 0, '3.0', 1, 0, 0, 0, 0, 'Schmelzer, Marcel'),
(6, 0, 0, 0, '2.5', 7, 0, 0, 0, 1, 'Schürrle, André'),
(6, 0, 0, 1, '3.5', -1, 0, 0, 0, 0, 'Schweinsteiger, Bastian'),
(6, 0, 0, 0, '2.0', 8, 0, 0, 0, 1, 'Shaqiri, Xherdan'),
(6, 0, 2, 1, '3.0', -4, 0, 0, 0, 0, 'Sokratis'),
(6, 0, 0, 0, '4.0', -1, 0, 0, 0, 0, 'Sorg, Oliver'),
(6, 0, 5, 0, '4.0', -11, 0, 0, 1, 0, 'Stranzl, Martin'),
(6, 0, 0, 0, '2.0', 8, 0, 1, 0, 0, 'Subotic, Neven'),
(6, 0, 0, 0, '3.0', 1, 0, 0, 0, 0, 'Tasci, Serdar'),
(6, 0, 5, 0, '2.5', -8, 0, 0, 0, 0, 'ter Stegen, Marc-André'),
(6, 0, 2, 0, '4.0', -5, 0, 0, 1, 0, 'Uchida, Atsuto'),
(6, 0, 0, 0, '2.0', 3, 0, 0, 0, 0, 'Ulreich, Sven'),
(6, 0, 0, 0, '4.0', -1, 0, 0, 1, 0, 'van Buyten, Daniel'),
(6, 0, 0, 0, '2.5', 2, 0, 0, 0, 0, 'Weidenfeller, Roman'),
(6, 0, 0, 0, '2.5', 2, 0, 0, 0, 0, 'Wollscheid, Philipp'),
(6, 0, 0, 0, '5.5', -4, 0, 0, 0, 0, 'Xhaka, Granit'),
(6, 0, 1, 0, '4.0', -3, 0, 0, 0, 0, 'Zieler, Ron Robert'),
(7, 0, 0, 0, '2.0', 8, 0, 1, 0, 0, 'Arango, Juan'),
(7, 0, 0, 0, '3.5', 0, 0, 0, 0, 0, 'Badstuber, Holger'),
(7, 0, 0, 0, '4.0', -1, 0, 0, 1, 0, 'Barnetta, Tranquilo'),
(7, 0, 0, 0, '3.0', 1, 0, 0, 0, 0, 'Baumann, Oliver'),
(7, 0, 0, 0, '4.0', -1, 0, 0, 1, 0, 'Bender, Lars'),
(7, 0, 0, 0, '4.0', -1, 0, 0, 1, 0, 'Berg, Markus'),
(7, 0, 0, 0, '3.5', 0, 0, 0, 0, 0, 'Blaczikowski, Jakub'),
(7, 0, 0, 0, '3.0', 1, 0, 0, 0, 0, 'Boateng, Jérôme'),
(7, 0, 2, 0, '4.0', -5, 0, 0, 1, 0, 'Brafheid, Edson'),
(7, 0, 0, 0, '3.0', 1, 0, 0, 0, 0, 'Daems, Filip'),
(7, 0, 0, 0, '3.0', 1, 0, 0, 0, 0, 'Dante'),
(7, 0, 0, 0, '2.5', 7, 0, 1, 0, 0, 'de Bruyne, Inge'),
(7, 0, 0, 1, '3.0', 5, 0, 1, 0, 0, 'de Jong, Luuk'),
(7, 0, 2, 0, '4.0', -5, 0, 0, 1, 0, 'Delpierre, Mathieu'),
(7, 0, 0, 0, '4.0', -1, 0, 0, 1, 0, 'Derdiok, Eren'),
(7, 0, 0, 0, '3.0', 1, 0, 0, 0, 0, 'Diagné, Fallou'),
(7, 0, 0, 0, '4.0', -1, 0, 0, 0, 0, 'Diego'),
(7, 0, 0, 0, '4.0', 4, 0, 1, 1, 0, 'Diouf, Mam'),
(7, 0, 0, 1, '3.5', -1, 0, 0, 0, 0, 'Domingues, Alvaro'),
(7, 0, 0, 0, '4.0', -1, 0, 0, 1, 0, 'Draxler, Julian'),
(7, 0, 0, 0, '4.5', -2, 0, 0, 0, 0, 'Elia, Eljero'),
(7, 0, 0, 0, '2.0', 8, 0, 1, 0, 0, 'Farfan, Jefferson'),
(7, 0, 0, 0, '4.0', -1, 0, 0, 1, 0, 'Felipe'),
(7, 0, 0, 0, '4.0', -1, 0, 0, 1, 0, 'Fernandes, Junior'),
(7, 0, 0, 0, '4.0', -1, 0, 0, 1, 0, 'Franz, Mike'),
(7, 0, 2, 0, '4.0', -5, 0, 0, 1, 0, 'Friedrich, Manuel'),
(7, 0, 0, 0, '3.0', 6, 0, 0, 0, 1, 'Fuchs, Christian'),
(7, 0, 1, 0, '4.5', -4, 0, 0, 0, 0, 'Gebre Selassie, Haile'),
(7, 0, 0, 0, '4.0', -1, 0, 0, 1, 0, 'Gomez, Mario'),
(7, 0, 0, 0, '3.5', 0, 0, 0, 0, 0, 'Götze, Mario '),
(7, 0, 0, 0, '4.0', -1, 0, 0, 1, 0, 'Gündogan, Ilkay'),
(7, 0, 0, 0, '4.0', -1, 0, 0, 0, 0, 'Hajnal, Tamasz'),
(7, 0, 0, 0, '4.0', -1, 0, 0, 1, 0, 'Hermann, Patrick'),
(7, 0, 0, 0, '4.0', -1, 0, 0, 1, 0, 'Hildebrand, Timo'),
(7, 0, 0, 0, '1.5', 9, 0, 0, 0, 1, 'Holtby, Lewis'),
(7, 0, 0, 0, '2.5', 2, 0, 0, 0, 0, 'Höwedes, Benedikt'),
(7, 0, 1, 0, '3.5', -2, 0, 0, 0, 0, 'Hummels, Mats'),
(7, 0, 0, 0, '3.0', 1, 0, 0, 0, 0, 'Hunt, Aaron'),
(7, 0, 0, 0, '3.5', 5, 0, 0, 0, 1, 'Huntelaar, Klas-Jan'),
(7, 0, 0, 0, '4.5', -2, 0, 0, 0, 0, 'Huszti, Szabolcs'),
(7, 0, 0, 0, '4.0', -1, 0, 0, 0, 0, 'Ibisevic, Sedad'),
(7, 0, 0, 0, '4.0', -1, 0, 0, 1, 0, 'Janschke, Tony'),
(7, 0, 2, 0, '3.5', 1, 0, 0, 0, 1, 'Kadlec, Michal'),
(7, 0, 0, 0, '3.0', 1, 0, 0, 0, 0, 'Kehl, Sebastian'),
(7, 0, 0, 0, '2.0', 13, 0, 2, 0, 0, 'Kießling, Steine'),
(7, 0, 0, 0, '4.0', -1, 0, 0, 0, 0, 'Kiyotake, Hiroshi'),
(7, 0, 0, 0, '3.5', 5, 0, 0, 0, 1, 'Kroos, Tony'),
(7, 0, 0, 0, '3.0', 1, 0, 0, 0, 0, 'Lahm, Philip'),
(7, 0, 2, 0, '3.0', -3, 0, 0, 0, 0, 'Leno, Bernd'),
(7, 0, 0, 0, '2.5', 7, 0, 1, 0, 0, 'Lewandoski, Robert'),
(7, 0, 0, 0, '4.0', -1, 0, 0, 0, 0, 'Mandzukic, Mario'),
(7, 0, 0, 0, '3.0', 1, 0, 0, 0, 0, 'Matip, Joel'),
(7, 0, 0, 0, '5.0', -3, 0, 0, 0, 0, 'Mayer, Alexander'),
(7, 0, 0, 0, '4.0', 4, 0, 0, 1, 1, 'Müller, Thomas'),
(7, 0, 3, 0, '5.5', -10, 0, 0, 0, 0, 'Naldo'),
(7, 0, 0, 0, '3.0', 1, 0, 0, 0, 0, 'Neuer, Manuel'),
(7, 0, 0, 0, '2.5', 7, 0, 1, 0, 0, 'Neustädter, Roman'),
(7, 0, 2, 0, '4.0', -5, 0, 0, 0, 0, 'Niedermeier'),
(7, 0, 0, 0, '4.0', -1, 0, 0, 1, 0, 'Olic, Ivica'),
(7, 0, 0, 0, '4.0', -1, 0, 0, 1, 0, 'Papadopoulos'),
(7, 0, 0, 0, '4.0', -1, 0, 0, 1, 0, 'Petersen, Nils'),
(7, 0, 1, 0, '2.5', 5, 0, 0, 0, 1, 'Piczek'),
(7, 0, 0, 0, '3.5', 0, 0, 0, 0, 0, 'Pinto, Sergio'),
(7, 0, 0, 0, '4.0', -1, 0, 0, 1, 0, 'Pizarro, Claudio'),
(7, 0, 3, 0, '5.0', -9, 0, 0, 0, 0, 'Pogatez, Emmanuel'),
(7, 0, 0, 0, '4.0', -1, 0, 0, 0, 0, 'Polanski, Eugen'),
(7, 0, 0, 0, '4.0', -1, 0, 0, 1, 0, 'Renato Augusto'),
(7, 0, 0, 0, '4.0', -1, 0, 0, 0, 0, 'Reus, Marco'),
(7, 0, 0, 0, '1.5', 14, 0, 2, 0, 0, 'Ribéry, Franck'),
(7, 0, 0, 0, '4.0', -1, 0, 0, 1, 0, 'Robben, Arjen'),
(7, 0, 0, 0, '4.0', -1, 0, 0, 1, 0, 'Salihovic, Sehad'),
(7, 0, 0, 0, '4.0', -1, 0, 0, 1, 0, 'Sam, Sidney'),
(7, 0, 1, 0, '4.0', -3, 0, 0, 0, 0, 'Schmelzer, Marcel'),
(7, 0, 0, 0, '4.0', -1, 0, 0, 0, 0, 'Schürrle, André'),
(7, 0, 0, 0, '3.0', 1, 0, 0, 0, 0, 'Schweinsteiger, Bastian'),
(7, 0, 0, 0, '3.0', 1, 0, 0, 0, 0, 'Shaqiri, Xherdan'),
(7, 0, 1, 0, '4.0', -3, 0, 0, 0, 0, 'Sokratis'),
(7, 0, 0, 0, '3.0', 1, 0, 0, 0, 0, 'Sorg, Oliver'),
(7, 0, 0, 0, '3.0', 1, 0, 0, 0, 0, 'Stranzl, Martin'),
(7, 0, 1, 0, '3.5', -2, 0, 0, 0, 0, 'Subotic, Neven'),
(7, 0, 2, 0, '4.0', -5, 0, 0, 0, 0, 'Tasci, Serdar'),
(7, 0, 0, 0, '4.0', -1, 0, 0, 0, 0, 'ter Stegen, Marc-André'),
(7, 0, 0, 0, '2.5', 2, 0, 0, 0, 0, 'Uchida, Atsuto'),
(7, 0, 2, 0, '4.0', -5, 0, 0, 0, 0, 'Ulreich, Sven'),
(7, 0, 0, 0, '4.0', -1, 0, 0, 1, 0, 'van Buyten, Daniel'),
(7, 0, 1, 0, '1.5', 2, 0, 0, 0, 0, 'Weidenfeller, Roman'),
(7, 0, 2, 1, '3.0', -4, 0, 0, 0, 0, 'Wollscheid, Philipp'),
(7, 0, 0, 0, '4.0', -1, 0, 0, 0, 0, 'Xhaka, Granit'),
(7, 0, 0, 0, '3.0', 1, 0, 0, 0, 0, 'Zieler, Ron Robert'),
(8, 0, 0, 0, '4.0', -1, 0, 0, 0, 0, 'Arango, Juan'),
(8, 0, 0, 0, '3.5', 0, 0, 0, 0, 0, 'Badstuber, Holger'),
(8, 0, 0, 0, '4.0', -1, 0, 0, 1, 0, 'Barnetta, Tranquilo'),
(8, 0, 0, 0, '3.0', 1, 0, 0, 0, 0, 'Baumann, Oliver'),
(8, 0, 0, 0, '3.5', 0, 0, 0, 0, 0, 'Bender, Lars'),
(8, 0, 0, 0, '4.0', -1, 0, 0, 1, 0, 'Berg, Markus'),
(8, 0, 0, 0, '4.0', -1, 0, 0, 1, 0, 'Blaczikowski, Jakub'),
(8, 0, 0, 0, '3.0', 1, 0, 0, 0, 0, 'Boateng, Jérôme'),
(8, 0, 3, 0, '4.5', -8, 0, 0, 0, 0, 'Compper, Marvin'),
(8, 0, 4, 0, '5.0', -11, 0, 0, 0, 0, 'Daems, Filip'),
(8, 0, 0, 0, '3.0', 1, 0, 0, 0, 0, 'Dante'),
(8, 0, 0, 1, '1.0', 9, 0, 0, 0, 1, 'de Bruyne, Inge'),
(8, 0, 0, 0, '5.0', -3, 0, 0, 0, 0, 'de Jong, Luuk'),
(8, 0, 3, 0, '4.0', -7, 0, 0, 0, 0, 'Delpierre, Mathieu'),
(8, 0, 0, 0, '4.0', -1, 0, 0, 1, 0, 'Derdiok, Eren'),
(8, 0, 0, 0, '2.0', 3, 0, 0, 0, 0, 'Diagné, Fallou'),
(8, 0, 0, 0, '4.0', -1, 0, 0, 1, 0, 'Diego'),
(8, 0, 0, 1, '4.0', -2, 0, 0, 1, 0, 'Diouf, Mam'),
(8, 0, 4, 0, '6.0', -13, 0, 0, 0, 0, 'Domingues, Alvaro'),
(8, 0, 0, 0, '4.0', -1, 0, 0, 1, 0, 'Draxler, Julian'),
(8, 0, 0, 0, '3.0', 1, 0, 0, 0, 0, 'Elia, Eljero'),
(8, 0, 0, 0, '3.0', 1, 0, 0, 0, 0, 'Farfan, Jefferson'),
(8, 0, 3, 0, '4.0', -7, 0, 0, 1, 0, 'Felipe'),
(8, 0, 0, 0, '4.0', -1, 0, 0, 1, 0, 'Fernandes, Junior'),
(8, 0, 0, 0, '4.0', -1, 0, 0, 0, 0, 'Franz, Mike'),
(8, 0, 2, 0, '4.0', -5, 0, 0, 1, 0, 'Friedrich, Manuel'),
(8, 0, 1, 0, '3.0', -1, 0, 0, 0, 0, 'Fuchs, Christian'),
(8, 0, 0, 0, '3.0', 1, 0, 0, 0, 0, 'Gebre Selassie, Haile'),
(8, 0, 0, 0, '4.0', -1, 0, 0, 1, 0, 'Gomez, Mario'),
(8, 0, 0, 0, '4.0', -1, 0, 0, 1, 0, 'Götze, Mario '),
(8, 0, 0, 0, '4.0', -1, 0, 0, 1, 0, 'Gündogan, Ilkay'),
(8, 0, 0, 0, '4.0', -1, 0, 0, 1, 0, 'Hajnal, Tamasz'),
(8, 0, 0, 0, '4.0', -1, 0, 0, 0, 0, 'Hermann, Patrick'),
(8, 0, 1, 0, '4.0', -3, 0, 0, 1, 0, 'Hildebrand, Timo'),
(8, 0, 0, 0, '2.0', 8, 0, 0, 0, 1, 'Holtby, Lewis'),
(8, 0, 1, 0, '1.5', 2, 0, 0, 0, 0, 'Höwedes, Benedikt'),
(8, 0, 2, 0, '4.0', -5, 0, 0, 0, 0, 'Hummels, Mats'),
(8, 0, 0, 0, '1.5', 9, 0, 0, 0, 1, 'Hunt, Aaron'),
(8, 0, 0, 0, '4.0', -1, 0, 0, 0, 0, 'Huntelaar, Klas-Jan'),
(8, 0, 0, 0, '3.5', 0, 0, 0, 0, 0, 'Huszti, Szabolcs'),
(8, 0, 0, 1, '2.0', 7, 0, 1, 0, 0, 'Ibisevic, Sedad'),
(8, 0, 4, 1, '5.0', -12, 0, 0, 0, 0, 'Janschke, Tony'),
(8, 0, 2, 0, '5.0', -7, 0, 0, 0, 0, 'Kadlec, Michal'),
(8, 0, 0, 0, '4.5', -2, 0, 0, 0, 0, 'Kehl, Sebastian'),
(8, 0, 0, 0, '3.0', 6, 0, 1, 0, 0, 'Kießling, Steine'),
(8, 0, 0, 0, '5.0', -3, 0, 0, 0, 0, 'Kiyotake, Hiroshi'),
(8, 0, 0, 0, '2.0', 3, 0, 0, 0, 0, 'Kroos, Tony'),
(8, 0, 0, 0, '2.0', 3, 0, 0, 0, 0, 'Lahm, Philip'),
(8, 0, 2, 0, '4.0', -5, 0, 0, 0, 0, 'Leno, Bernd'),
(8, 0, 0, 0, '4.0', 4, 0, 1, 0, 0, 'Lewandoski, Robert'),
(8, 0, 0, 0, '2.5', 7, 0, 1, 0, 0, 'Mandzukic, Mario'),
(8, 0, 1, 0, '4.0', -3, 0, 0, 0, 0, 'Matip, Joel'),
(8, 0, 0, 0, '2.0', 8, 0, 1, 0, 0, 'Mayer, Alexander'),
(8, 0, 0, 0, '1.0', 20, 0, 2, 0, 1, 'Müller, Thomas'),
(8, 0, 2, 0, '5.0', -7, 0, 0, 0, 0, 'Naldo'),
(8, 0, 0, 0, '3.0', 1, 0, 0, 0, 0, 'Neuer, Manuel'),
(8, 0, 0, 0, '2.5', 2, 0, 0, 0, 0, 'Neustädter, Roman'),
(8, 0, 0, 0, '3.0', 1, 0, 0, 0, 0, 'Niedermeier'),
(8, 0, 0, 0, '4.0', -1, 0, 0, 0, 0, 'Olic, Ivica'),
(8, 0, 1, 0, '4.0', -3, 0, 0, 1, 0, 'Papadopoulos'),
(8, 0, 0, 0, '3.0', 6, 0, 1, 0, 0, 'Petersen, Nils'),
(8, 0, 2, 0, '4.0', -5, 0, 0, 0, 0, 'Piczek'),
(8, 0, 0, 0, '4.5', -2, 0, 0, 0, 0, 'Pinto, Sergio'),
(8, 0, 0, 0, '4.0', -1, 0, 0, 1, 0, 'Pizarro, Claudio'),
(8, 0, 2, 0, '4.0', -5, 0, 0, 0, 0, 'Pogatez, Emmanuel'),
(8, 0, 0, 0, '4.0', -1, 0, 0, 1, 0, 'Polanski, Eugen'),
(8, 0, 0, 0, '4.0', -1, 0, 0, 1, 0, 'Renato Augusto'),
(8, 0, 0, 0, '4.0', 4, 0, 0, 0, 1, 'Reus, Marco'),
(8, 0, 0, 0, '1.0', 20, 0, 0, 0, 3, 'Ribéry, Franck'),
(8, 0, 0, 0, '4.0', -1, 0, 0, 1, 0, 'Robben, Arjen'),
(8, 0, 0, 0, '4.0', -1, 0, 0, 1, 0, 'Salihovic, Sehad'),
(8, 0, 0, 0, '4.0', -1, 0, 0, 1, 0, 'Sam, Sidney'),
(8, 0, 2, 0, '4.0', -5, 0, 0, 1, 0, 'Schmelzer, Marcel'),
(8, 0, 0, 0, '4.0', -1, 0, 0, 0, 0, 'Schürrle, André'),
(8, 0, 0, 0, '2.0', 3, 0, 0, 0, 0, 'Schweinsteiger, Bastian'),
(8, 0, 0, 0, '4.0', -1, 0, 0, 1, 0, 'Shaqiri, Xherdan'),
(8, 0, 0, 0, '2.5', 2, 0, 0, 0, 0, 'Sokratis'),
(8, 0, 0, 1, '3.5', -1, 0, 0, 0, 0, 'Sorg, Oliver'),
(8, 0, 4, 0, '5.5', -12, 0, 0, 0, 0, 'Stranzl, Martin'),
(8, 0, 2, 0, '4.0', -5, 0, 0, 1, 0, 'Subotic, Neven'),
(8, 0, 0, 0, '2.0', 3, 0, 0, 0, 0, 'Tasci, Serdar'),
(8, 0, 4, 0, '4.0', -9, 0, 0, 0, 0, 'ter Stegen, Marc-André'),
(8, 0, 1, 0, '3.5', -2, 0, 0, 0, 0, 'Uchida, Atsuto'),
(8, 0, 0, 0, '2.5', 2, 0, 0, 0, 0, 'Ulreich, Sven'),
(8, 0, 0, 0, '4.0', -1, 0, 0, 1, 0, 'van Buyten, Daniel'),
(8, 0, 2, 0, '2.5', -2, 0, 0, 0, 0, 'Weidenfeller, Roman'),
(8, 0, 2, 0, '3.0', -3, 0, 0, 0, 0, 'Wollscheid, Philipp'),
(8, 0, 0, 0, '4.5', -2, 0, 0, 0, 0, 'Xhaka, Granit'),
(8, 0, 3, 0, '4.0', -7, 0, 0, 0, 0, 'Zieler, Ron Robert');

-- --------------------------------------------------------

--
-- Tabellenstruktur für Tabelle `BONUS`
--

CREATE TABLE IF NOT EXISTS `BONUS` (
  `SPIELTAG` int(11) NOT NULL,
  `GEGENTORBONUS` int(11) DEFAULT NULL,
  `NOTENBONUS` int(11) DEFAULT NULL,
  `TORBONUS` int(11) DEFAULT NULL,
  `VORLAGENBONUS` int(11) DEFAULT NULL,
  `KONTRAHENT_NAME` varchar(255) NOT NULL,
  PRIMARY KEY (`SPIELTAG`,`KONTRAHENT_NAME`),
  KEY `FK_BONUS_KONTRAHENT_NAME` (`KONTRAHENT_NAME`)
) ENGINE=InnoDB DEFAULT CHARSET=utf8;

--
-- Daten für Tabelle `BONUS`
--

INSERT INTO `BONUS` (`SPIELTAG`, `GEGENTORBONUS`, `NOTENBONUS`, `TORBONUS`, `VORLAGENBONUS`, `KONTRAHENT_NAME`) VALUES
(1, 5, 0, 0, 5, 'Philippe'),
(1, 0, 0, 5, 0, 'Rémi'),
(2, 2, 0, 0, 2, 'Philippe'),
(2, 0, 0, 5, 0, 'Pierre'),
(2, 2, 0, 0, 2, 'Roland'),
(3, 0, 0, 0, 5, 'Philippe'),
(3, 5, 0, 5, 0, 'Rémi'),
(4, 2, 0, 0, 2, 'Philippe'),
(4, 2, 0, 5, 0, 'Rémi'),
(4, 0, 0, 0, 2, 'Roland'),
(5, 5, 0, 5, 0, 'Rémi'),
(5, 0, 0, 0, 5, 'Roland'),
(6, 0, 0, 0, 2, 'Pierre'),
(6, 2, 0, 5, 0, 'Rémi'),
(6, 2, 0, 0, 2, 'Roland'),
(7, 5, 0, 0, 0, 'Philippe'),
(7, 0, 0, 0, 2, 'Pierre'),
(7, 0, 0, 2, 2, 'Rémi'),
(7, 0, 0, 2, 2, 'Roland'),
(8, 5, 0, 0, 0, 'Philippe'),
(8, 0, 0, 5, 5, 'Roland');

-- --------------------------------------------------------

--
-- Tabellenstruktur für Tabelle `KONTRAHENT`
--

CREATE TABLE IF NOT EXISTS `KONTRAHENT` (
  `NAME` varchar(255) NOT NULL,
  PRIMARY KEY (`NAME`)
) ENGINE=InnoDB DEFAULT CHARSET=utf8;

--
-- Daten für Tabelle `KONTRAHENT`
--

INSERT INTO `KONTRAHENT` (`NAME`) VALUES
('Philippe'),
('Pierre'),
('Rémi'),
('Roland');

-- --------------------------------------------------------

--
-- Tabellenstruktur für Tabelle `SPIELER`
--

CREATE TABLE IF NOT EXISTS `SPIELER` (
  `NAME` varchar(255) NOT NULL,
  `POSITION` int(11) DEFAULT NULL,
  PRIMARY KEY (`NAME`)
) ENGINE=InnoDB DEFAULT CHARSET=utf8;

--
-- Daten für Tabelle `SPIELER`
--

INSERT INTO `SPIELER` (`NAME`, `POSITION`) VALUES
('Arango, Juan', 2),
('Badstuber, Holger', 1),
('Barnetta, Tranquilo', 2),
('Baumann, Oliver', 0),
('Bender, Lars', 2),
('Berg, Markus', 3),
('Blaczikowski, Jakub', 2),
('Boateng, Jérôme', 1),
('Brafheid, Edson', 1),
('Compper, Marvin', 1),
('Daems, Filip', 1),
('Dante', 1),
('de Bruyne, Inge', 2),
('de Jong, Luuk', 3),
('Delpierre, Mathieu', 1),
('Derdiok, Eren', 3),
('Diagné, Fallou', 1),
('Diego', 2),
('Diouf, Mam', 3),
('Domingues, Alvaro', 1),
('Draxler, Julian', 2),
('Elia, Eljero', 3),
('Farfan, Jefferson', 3),
('Felipe', 1),
('Fernandes, Junior', 3),
('Franz, Mike', 2),
('Friedrich, Manuel', 1),
('Fuchs, Christian', 1),
('Gebre Selassie, Haile', 1),
('Gomez, Mario', 3),
('Götze, Mario ', 2),
('Gündogan, Ilkay', 2),
('Hajnal, Tamasz', 2),
('Hermann, Patrick', 2),
('Hildebrand, Timo', 0),
('Holtby, Lewis', 2),
('Höwedes, Benedikt', 1),
('Hummels, Mats', 1),
('Hunt, Aaron', 2),
('Huntelaar, Klas-Jan', 3),
('Huszti, Szabolcs', 2),
('Ibisevic, Sedad', 3),
('Janschke, Tony', 1),
('Kadlec, Michal', 1),
('Kehl, Sebastian', 2),
('Kießling, Steine', 3),
('Kiyotake, Hiroshi', 2),
('Kroos, Tony', 2),
('Lahm, Philip', 1),
('Leno, Bernd', 0),
('Lewandoski, Robert', 3),
('Mandzukic, Mario', 3),
('Matip, Joel', 1),
('Mayer, Alexander', 2),
('Müller, Thomas', 2),
('Naldo', 1),
('Neuer, Manuel', 0),
('Neustädter, Roman', 2),
('Niedermeier', 1),
('Olic, Ivica', 3),
('Papadopoulos', 1),
('Petersen, Nils', 3),
('Piczek', 1),
('Pinto, Sergio', 2),
('Pizarro, Claudio', 3),
('Pogatez, Emmanuel', 1),
('Polanski, Eugen', 2),
('Renato Augusto', 2),
('Reus, Marco', 2),
('Ribéry, Franck', 2),
('Robben, Arjen', 2),
('Salihovic, Sehad', 2),
('Sam, Sidney', 2),
('Schmelzer, Marcel', 1),
('Schürrle, André', 3),
('Schweinsteiger, Bastian', 2),
('Shaqiri, Xherdan', 2),
('Sokratis', 1),
('Sorg, Oliver', 1),
('Stranzl, Martin', 1),
('Subotic, Neven', 1),
('Tasci, Serdar', 1),
('ter Stegen, Marc-André', 0),
('Uchida, Atsuto', 1),
('Ulreich, Sven', 0),
('van Buyten, Daniel', 1),
('Weidenfeller, Roman', 0),
('Wollscheid, Philipp', 1),
('Xhaka, Granit', 2),
('Zieler, Ron Robert', 0);

-- --------------------------------------------------------

--
-- Tabellenstruktur für Tabelle `VEREIN`
--

CREATE TABLE IF NOT EXISTS `VEREIN` (
  `NAME` varchar(255) NOT NULL,
  PRIMARY KEY (`NAME`)
) ENGINE=InnoDB DEFAULT CHARSET=utf8;

--
-- Daten für Tabelle `VEREIN`
--

INSERT INTO `VEREIN` (`NAME`) VALUES
('1. FC Kaiserslautern'),
('1. FC Köln'),
('Bayer Leverkusen'),
('Bayern München'),
('Borussia Dortmund'),
('Borussia Mönchengladbach'),
('Eintracht Frankfurt'),
('FC Augsburg'),
('FC Nürnberg'),
('Fortuna Düsseldorf'),
('Greuther Fürth'),
('Hamburger SV'),
('Hannover 96'),
('Hertha BSC'),
('Mainz 05'),
('SC Freiburg'),
('Schalke 04'),
('TSG Hoffenheim'),
('VfB Stuttgart'),
('VfL Wolfsburg'),
('Werder Bremen');

-- --------------------------------------------------------

--
-- Tabellenstruktur für Tabelle `VEREINSZUORDNUNG`
--

CREATE TABLE IF NOT EXISTS `VEREINSZUORDNUNG` (
  `ID` int(11) NOT NULL,
  `BEGINN` int(11) NOT NULL,
  `ENDE` int(11) NOT NULL,
  `SPIELER_NAME` varchar(255) NOT NULL,
  `VEREIN_NAME` varchar(255) NOT NULL,
  PRIMARY KEY (`ID`),
  KEY `FK_VEREINSZUORDNUNG_SPIELER_NAME` (`SPIELER_NAME`),
  KEY `FK_VEREINSZUORDNUNG_VEREIN_NAME` (`VEREIN_NAME`)
) ENGINE=InnoDB DEFAULT CHARSET=utf8;

--
-- Daten für Tabelle `VEREINSZUORDNUNG`
--

INSERT INTO `VEREINSZUORDNUNG` (`ID`, `BEGINN`, `ENDE`, `SPIELER_NAME`, `VEREIN_NAME`) VALUES
(1, 1, 34, 'Leno, Bernd', 'Bayer Leverkusen'),
(2, 1, 34, 'Friedrich, Manuel', 'Bayer Leverkusen'),
(3, 1, 34, 'Kadlec, Michal', 'Bayer Leverkusen'),
(4, 1, 34, 'Wollscheid, Philipp', 'Bayer Leverkusen'),
(5, 1, 34, 'Bender, Lars', 'Bayer Leverkusen'),
(6, 1, 34, 'Renato Augusto', 'Bayer Leverkusen'),
(7, 1, 34, 'Sam, Sidney', 'Bayer Leverkusen'),
(8, 1, 34, 'Fernandes, Junior', 'Bayer Leverkusen'),
(9, 1, 34, 'Kießling, Steine', 'Bayer Leverkusen'),
(10, 1, 34, 'Schürrle, André', 'Bayer Leverkusen'),
(11, 1, 34, 'Neuer, Manuel', 'Bayern München'),
(12, 1, 34, 'Badstuber, Holger', 'Bayern München'),
(13, 1, 34, 'Boateng, Jérôme', 'Bayern München'),
(14, 1, 34, 'Dante', 'Bayern München'),
(15, 1, 34, 'Lahm, Philip', 'Bayern München'),
(16, 1, 34, 'van Buyten, Daniel', 'Bayern München'),
(17, 1, 34, 'Kroos, Tony', 'Bayern München'),
(18, 1, 34, 'Müller, Thomas', 'Bayern München'),
(19, 1, 34, 'Ribéry, Franck', 'Bayern München'),
(20, 1, 34, 'Robben, Arjen', 'Bayern München'),
(21, 1, 34, 'Schweinsteiger, Bastian', 'Bayern München'),
(22, 1, 34, 'Shaqiri, Xherdan', 'Bayern München'),
(23, 1, 34, 'Gomez, Mario', 'Bayern München'),
(24, 1, 34, 'Mandzukic, Mario', 'Bayern München'),
(25, 1, 34, 'Olic, Ivica', 'VfL Wolfsburg'),
(26, 1, 34, 'Pizarro, Claudio', 'Bayern München'),
(27, 1, 34, 'Weidenfeller, Roman', 'Borussia Dortmund'),
(28, 1, 34, 'Hummels, Mats', 'Borussia Dortmund'),
(29, 1, 34, 'Piczek', 'Borussia Dortmund'),
(30, 1, 34, 'Schmelzer, Marcel', 'Borussia Dortmund'),
(31, 1, 34, 'Subotic, Neven', 'Borussia Dortmund'),
(32, 1, 34, 'Blaczikowski, Jakub', 'Borussia Dortmund'),
(33, 1, 34, 'Götze, Mario ', 'Borussia Dortmund'),
(34, 1, 34, 'Gündogan, Ilkay', 'Borussia Dortmund'),
(35, 1, 34, 'Kehl, Sebastian', 'Borussia Dortmund'),
(36, 1, 34, 'Reus, Marco', 'Borussia Dortmund'),
(37, 1, 34, 'Lewandoski, Robert', 'Borussia Dortmund'),
(38, 1, 34, 'ter Stegen, Marc-André', 'Borussia Mönchengladbach'),
(39, 1, 34, 'Daems, Filip', 'Borussia Mönchengladbach'),
(40, 1, 34, 'Domingues, Alvaro', 'Borussia Mönchengladbach'),
(41, 1, 34, 'Janschke, Tony', 'Borussia Mönchengladbach'),
(42, 1, 34, 'Stranzl, Martin', 'Borussia Mönchengladbach'),
(43, 1, 34, 'Arango, Juan', 'Borussia Mönchengladbach'),
(44, 1, 34, 'Hermann, Patrick', 'Borussia Mönchengladbach'),
(45, 1, 34, 'Xhaka, Granit', 'Borussia Mönchengladbach'),
(46, 1, 34, 'de Jong, Luuk', 'Borussia Mönchengladbach'),
(47, 1, 34, 'Mayer, Alexander', 'Eintracht Frankfurt'),
(48, 1, 34, 'Franz, Mike', 'FC Nürnberg'),
(49, 1, 34, 'Kiyotake, Hiroshi', 'FC Nürnberg'),
(50, 1, 34, 'Berg, Markus', 'Hamburger SV'),
(51, 1, 34, 'Zieler, Ron Robert', 'Hannover 96'),
(52, 1, 34, 'Felipe', 'Hannover 96'),
(53, 1, 34, 'Huszti, Szabolcs', 'Hannover 96'),
(54, 1, 34, 'Pinto, Sergio', 'Hannover 96'),
(55, 1, 34, 'Diouf, Mam', 'Hannover 96'),
(56, 1, 34, 'Polanski, Eugen', 'Mainz 05'),
(57, 1, 34, 'Baumann, Oliver', 'SC Freiburg'),
(58, 1, 34, 'Diagné, Fallou', 'SC Freiburg'),
(59, 1, 34, 'Sorg, Oliver', 'SC Freiburg'),
(60, 1, 34, 'Hildebrand, Timo', 'Schalke 04'),
(61, 1, 34, 'Fuchs, Christian', 'Schalke 04'),
(62, 1, 34, 'Höwedes, Benedikt', 'Schalke 04'),
(63, 1, 34, 'Matip, Joel', 'Schalke 04'),
(64, 1, 34, 'Papadopoulos', 'Schalke 04'),
(65, 1, 34, 'Uchida, Atsuto', 'Schalke 04'),
(66, 1, 34, 'Barnetta, Tranquilo', 'Schalke 04'),
(67, 1, 34, 'Draxler, Julian', 'Schalke 04'),
(68, 1, 34, 'Holtby, Lewis', 'Schalke 04'),
(69, 1, 34, 'Neustädter, Roman', 'Schalke 04'),
(70, 1, 34, 'Farfan, Jefferson', 'Schalke 04'),
(71, 1, 34, 'Huntelaar, Klas-Jan', 'Schalke 04'),
(72, 1, 7, 'Brafheid, Edson', 'TSG Hoffenheim'),
(73, 1, 34, 'Delpierre, Mathieu', 'TSG Hoffenheim'),
(74, 1, 34, 'Salihovic, Sehad', 'TSG Hoffenheim'),
(75, 1, 34, 'Derdiok, Eren', 'TSG Hoffenheim'),
(76, 1, 34, 'Ulreich, Sven', 'VfB Stuttgart'),
(77, 1, 34, 'Niedermeier', 'VfB Stuttgart'),
(78, 1, 34, 'Tasci, Serdar', 'VfB Stuttgart'),
(79, 1, 34, 'Hajnal, Tamasz', 'VfB Stuttgart'),
(80, 1, 34, 'Ibisevic, Sedad', 'VfB Stuttgart'),
(81, 1, 34, 'Pogatez, Emmanuel', 'VfL Wolfsburg'),
(82, 1, 34, 'Naldo', 'VfL Wolfsburg'),
(83, 1, 34, 'Gebre Selassie, Haile', 'Werder Bremen'),
(84, 1, 34, 'Sokratis', 'Werder Bremen'),
(85, 1, 34, 'de Bruyne, Inge', 'Werder Bremen'),
(86, 1, 34, 'Hunt, Aaron', 'Werder Bremen'),
(87, 1, 34, 'Elia, Eljero', 'Werder Bremen'),
(88, 1, 34, 'Petersen, Nils', 'Werder Bremen'),
(89, 1, 34, 'Diego', 'VfL Wolfsburg'),
(90, 7, 34, 'Compper, Marvin', 'TSG Hoffenheim');

--
-- Constraints der exportierten Tabellen
--

--
-- Constraints der Tabelle `AUFSTELLUNG`
--
ALTER TABLE `AUFSTELLUNG`
  ADD CONSTRAINT `FK_AUFSTELLUNG_MITSPIELER_NAME` FOREIGN KEY (`MITSPIELER_NAME`) REFERENCES `KONTRAHENT` (`NAME`),
  ADD CONSTRAINT `FK_AUFSTELLUNG_SPIELER_NAME` FOREIGN KEY (`SPIELER_NAME`) REFERENCES `SPIELER` (`NAME`);

--
-- Constraints der Tabelle `AUSWERTUNG`
--
ALTER TABLE `AUSWERTUNG`
  ADD CONSTRAINT `FK_AUSWERTUNG_MITSPIELER_NAME` FOREIGN KEY (`MITSPIELER_NAME`) REFERENCES `KONTRAHENT` (`NAME`);

--
-- Constraints der Tabelle `BESITZ`
--
ALTER TABLE `BESITZ`
  ADD CONSTRAINT `FK_BESITZ_BESITZER_NAME` FOREIGN KEY (`BESITZER_NAME`) REFERENCES `KONTRAHENT` (`NAME`),
  ADD CONSTRAINT `FK_BESITZ_SPIELER_NAME` FOREIGN KEY (`SPIELER_NAME`) REFERENCES `SPIELER` (`NAME`);

--
-- Constraints der Tabelle `BEWERTUNG`
--
ALTER TABLE `BEWERTUNG`
  ADD CONSTRAINT `FK_BEWERTUNG_SPIELER_NAME` FOREIGN KEY (`SPIELER_NAME`) REFERENCES `SPIELER` (`NAME`);

--
-- Constraints der Tabelle `BONUS`
--
ALTER TABLE `BONUS`
  ADD CONSTRAINT `FK_BONUS_KONTRAHENT_NAME` FOREIGN KEY (`KONTRAHENT_NAME`) REFERENCES `KONTRAHENT` (`NAME`);

--
-- Constraints der Tabelle `VEREINSZUORDNUNG`
--
ALTER TABLE `VEREINSZUORDNUNG`
  ADD CONSTRAINT `FK_VEREINSZUORDNUNG_VEREIN_NAME` FOREIGN KEY (`VEREIN_NAME`) REFERENCES `VEREIN` (`NAME`),
  ADD CONSTRAINT `FK_VEREINSZUORDNUNG_SPIELER_NAME` FOREIGN KEY (`SPIELER_NAME`) REFERENCES `SPIELER` (`NAME`);

/*!40101 SET CHARACTER_SET_CLIENT=@OLD_CHARACTER_SET_CLIENT */;
/*!40101 SET CHARACTER_SET_RESULTS=@OLD_CHARACTER_SET_RESULTS */;
/*!40101 SET COLLATION_CONNECTION=@OLD_COLLATION_CONNECTION */;
